question,label
티는 여기 있는 게 다예요?,COLORKIND
면바지 종류는 있어요?,COLORKIND
조끼 한 번 입어봐도 돼요?,COLORKIND
같은 걸로 다른 색도 있어요?,COLORKIND
패딩조끼 오래 입으려면 드라이 맡기는 게 좋죠?,COLORKIND
블라우스는 없나요?,COLORKIND
흰색 같은 그런 거는 있나요?,COLORKIND
남방 종류는 없어요?,COLORKIND
회색은 무슨 색이랑 잘 어울려요?,COLORKIND
원피스는 어떤 게 예뻐요?,COLORKIND
코트는 얼마나 해요?,COLORKIND
이런 블라우스는 얼마예요?,COLORKIND
원피스 종류도 있어요?,COLORKIND
이 검은 조끼를 입으려면 안에 뭐를 입으면 좋을까요?,COLORKIND
티보다는 칼라 있는 게 어울릴까요?,COLORKIND
조끼에다가 바지만 입으셔도 예쁜데 한 번 입어보시겠어요?,COLORKIND
색상으로 봤을 때는 이 색상이 제일 어울려 보이는데요?,COLORKIND
남방 같은 거 어떠세요?,COLORKIND
이런 바지 없나요?,COLORKIND
이런 남방은 얼마예요?,COLORKIND
남방 컬러 종류는 어떤 게 있나요?,COLORKIND
이런 흰 면바지는 얼마예요?,COLORKIND
겨자색 저거는 얼마예요?,COLORKIND
니트 3만 8천 원이면 여기서 10% dc 된다 그죠?,COLORKIND
이런 종류 좋아하는데 어떤 게 잘 나가요?,COLORKIND
색상은 이것뿐이에요?,COLORKIND
티 중에 저한테 어울릴 거 추천 좀 해주세요,COLORKIND
저 목티는 코랄 색인가요?,COLORKIND
저거 색상은 이거 한 개뿐이에요?,COLORKIND
목티 좀 두꺼운 거 젊은 스타일 없어요?,COLORKIND
티 종류 조금 얇은 거 있나요?,COLORKIND
반팔 티 찾으시는 건가요?,COLORKIND
색상이 이거 한 가지인가요?,COLORKIND
이 티셔츠는 어떤 바지랑 어울려요?,COLORKIND
티셔츠는 못 입어보죠?,COLORKIND
이 마이는 이 색상 하나뿐이죠?,COLORKIND
밖에 디스플레이 돼 있는 주황색 좀 두꺼운 거 얼마인가요?,COLORKIND
저거는 색상이 몇 개?,COLORKIND
티 얼마예요?,COLORKIND
색상은 이거 하나밖에 없어요?,COLORKIND
흰 조끼 저거는 얼마예요?,COLORKIND
이거 검은색 없어요?,COLORKIND
티 종류는 이쪽에 있는 거예요?,COLORKIND
색상이 아이보리하고 빨간색?,COLORKIND
사이즈가 한 종류예요?,COLORKIND
하늘하늘한 원피스 나왔어요?,COLORKIND
색상이 하나예요?,COLORKIND
이거 초록색 티 얼마 해요?,COLORKIND
이거는 색상이 뭐 있어요?,COLORKIND
조끼 종류는 어떤 게 있어요?,COLORKIND
이런 거는 색상이 이것뿐이에요?,COLORKIND
바지가 얼마예요?,COLORKIND
이 바지도 가격이 똑같아요?,COLORKIND
이거 검은 티 얼마예요?,COLORKIND
색상은 다른 거 없어요?,COLORKIND
티셔츠 종류 여기 있는 게 다죠?,COLORKIND
얇은 티는 아직 안 나왔나요?,COLORKIND
색깔은 이거 하나?,COLORKIND
색상은 검은색뿐이에요?,COLORKIND
보라색 이거는 얼마예요?,COLORKIND
이거 보라색밖에 없어요?,COLORKIND
저 핑크색 원피스 실내복은 얼마예요?,COLORKIND
색상은 이거와 연한 핑크 두 가지예요??,COLORKIND
색상은 이거 검은색뿐이에요?,COLORKIND
색상도 한 종류밖에 없죠?,COLORKIND
티셔츠 조금 얇은 거는 어디에 있어요?,COLORKIND
아이보리색 티는 얼마예요?,COLORKIND
요거는 색상 다른 거 없나요?,COLORKIND
쫄바지 고무 바지로 된 거는 있어예?,COLORKIND
이 바지는 얼마예요?,COLORKIND
여고생이 입을 수 있는 면 티셔츠 종류 있어요?,COLORKIND
롱 원피스 여기에 있는 거 다 맞죠?,COLORKIND
카디건이랑 입는 게 낫다 그죠?,COLORKIND
이 안에 바지도 입을 수 있죠?,COLORKIND
남자들 거 트렌치코트 종류 있어요?,COLORKIND
네이비 색상인가요?,COLORKIND
밝은 색상보다는 이게 나은가요?,COLORKIND
원피스 종류 있어요?,COLORKIND
완전 흰색은 아니다 그죠?,COLORKIND
이거 밑에는 청바지 같은 거 입어도 되고 롱치마 입어도 되겠죠?,COLORKIND
색상이 다른 것도 있나요?,COLORKIND
이거 원피스인가요?,COLORKIND
블루 색상에 가깝네요 그죠?,COLORKIND
안에 청바지도 입어도 되고요?,COLORKIND
분홍색 티셔츠는 지금 얼마예요?,COLORKIND
티셔츠는 못 입어 보죠?,COLORKIND
저거는 면 종류인가 봐요?,COLORKIND
디피돼 있는 검은색요 요거 가죽이에요?,COLORKIND
저 재킷 이쁜데 어떠세요?,COLORKIND
이 카디건은 어떻게 해요?,COLORKIND
니트 원피스 사이즈가 어떻게 돼요?,COLORKIND
밑에는 레깅스나,COLORKIND
이거 코트는 모 직포?,COLORKIND
부츠컷 바지 같은 경우에는 가격이 얼마 정도 해요?,COLORKIND
이거는 원피스예요?,COLORKIND
빨간 원피스 이런 거는 얼마 해요?,COLORKIND
꽃무늬 잠바는 얼마씩 한대요?,COLORKIND
요 색깔하고 뭐 있어요?,COLORKIND
수면 잠옷 같은 건 없나요?,COLORKIND
바지만 사면 얼마예요?,COLORKIND
수면 바지는 사이즈 없나요?,COLORKIND
스카프는 얼마씩 해요?,COLORKIND
이 정장 사이즈 어떻게 되나요?,COLORKIND
화려한 정장이 필요해가,COLORKIND
저거하고 이 바지랑 비슷한 거예요?,COLORKIND
바지도 약간 나팔이다 그죠?,COLORKIND
이거는 더블 재킷이죠?,COLORKIND
빨간 코트 이거 재질이 뭐예요?,COLORKIND
하얀 점퍼 봄에 입어도 되겠다 그러지 예?,COLORKIND
패딩 안에 솜이에요?,COLORKIND
밑에 레깅스 입고 이거 입고?,COLORKIND
블라우스 찾아요,COLORKIND
이거는 파란색 말고 또 뭐 있어요?,COLORKIND
인디언 핑크와 조끼 한 번 입어보세요,COLORKIND
검은색 저런 거는 얼마씩이에요?,COLORKIND
원피스죠 투피스인가요?,COLORKIND
위에 마이 하나 걸치고 입으면 예쁘겠죠?,COLORKIND
원피스 좀 저렴한 거 없어요?,COLORKIND
까만색 버클 달린 거는 얼마고 체크 원피스 얼마예요 가격이?,COLORKIND
이거 스웨터는 얼마해요?,COLORKIND
이거는 조끼잖아?,COLORKIND
조끼 되게 비싸네,COLORKIND
조끼랑 세트로 파는 거예요?,COLORKIND
조끼도 사이즈가 있나요?,COLORKIND
이게 회색이에요?,COLORKIND
이게 원피스인가요?,COLORKIND
조끼 원피스 같은 그런 건가 봐요?,COLORKIND
이 면 티는 얼마인데요?,COLORKIND
이거는 남방이에요?,COLORKIND
색깔은 연보라 밖에 없어요?,COLORKIND
면 티는 얼마씩 해요?,COLORKIND
이건 패딩이예요?,COLORKIND
색상은 이 색상밖에 없어예?,COLORKIND
그 남방은 얼마예요?,COLORKIND
그거는 원피스 아니에요?,COLORKIND
남방은 면 종류인가 봐요?,COLORKIND
이거 조끼하고 바지는 한 벌이에요?,COLORKIND
이런 조끼 말고 안에는 뭐 입어야 되겠어요?,COLORKIND
이 조끼가 겨울용으로 나온 거예요?,COLORKIND
바지는 얼마인데요?,COLORKIND
코트에 그림도 손으로 직접 그린 건가요? 프린트한 건가요?,COLORKIND
이게 파카 스타일인가요?,COLORKIND
이 스웨터도 수입이에요?,COLORKIND
이 스웨터는 얼마 하는데요?,COLORKIND
스웨터 천이 앙고라예요?,COLORKIND
카키도 있고 두 가지 색상이에요?,COLORKIND
이거는 카키색이가?,COLORKIND
꽃무늬 원피스는 벌써 나왔어요?,COLORKIND
색상은 이거 한 색상이에요?,COLORKIND
안에 속치마는 다 있죠?,COLORKIND
이거 모직 코트예요?,COLORKIND
색상은요?,COLORKIND
이 모직 코트는 지금 입을라 카면 조금 춥겠는데요?,COLORKIND
이거는 앙고라 치마예요?,COLORKIND
이거 치마 이거 입고 신발은 뭐 신어야 되나?,COLORKIND
남자애들 흰색 회색 검정으로 맨투맨이나 후드티 좋아하거든요?,COLORKIND
이 티도 남자 거야?,COLORKIND
이 흰색에 있는 브랜드하고 이거 하고 틀리나요?,COLORKIND
남자애들 입을 만한 잠바 스타일이나 이런 코트 스타일,COLORKIND
이거는 잠바로 들어가요 돋바로 들어가요?,COLORKIND
후드 돋바인가?,COLORKIND
체크무늬 색상 이거 하고 또 뭐 있어요?,COLORKIND
이거는 회색?,COLORKIND
이거 패딩이잖아? 그죠?,COLORKIND
패딩인데 안에 털 있고?,COLORKIND
색상은 이거 밖에 없어요?,COLORKIND
이건 수박색?,COLORKIND
이거는 검은색이가?,COLORKIND
저거는 스웨터식으로 나온 거예요?,COLORKIND
레깅스 뒤에 한 번 볼 수 있어요? 어떤 식으로 돼있는지?,COLORKIND
색상은 이거 말고 다른 것도 있어요?,COLORKIND
꽃무늬 원피스 있어요?,COLORKIND
색상은 요거 한 색상이에요?,COLORKIND
색상은 이게 전부예요?,COLORKIND
내복은 105 사이즈 자체가 안 나와요?,COLORKIND
실내복 좀 따뜻한 걸로 다른 거는 없어요?,COLORKIND
핑크색 실내복 저거는 얼마예요?,COLORKIND
원피스 종류인거죠?,COLORKIND
실내복이에요?,COLORKIND
음 실내복 이런 건 한 벌에 얼마씩 해요?,COLORKIND
이거는 색깔 두가지예요?,COLORKIND
핑크색하고 베이지?,COLORKIND
회색 한가지예요?,COLORKIND
이거는 색 베이지밖에 없어요?,COLORKIND
이거는 검은색 하나밖에 없어요?,COLORKIND
이거는 색깔 베이지 하나밖에 없나요?,COLORKIND
코트 얇은 거 찾으세요?,COLORKIND
회색은 어딨어요?,COLORKIND
요거는 색 검은색만 있어요?,COLORKIND
요거는 연베이지 이거밖에 없어요 색깔?,COLORKIND
니트 이것도 핑크색 밖에 없어요?,COLORKIND
컬러가 두 가지에요?,COLORKIND
이거는 운동복이에요?,COLORKIND
이런 바지는 얼마인가요?,COLORKIND
티셔츠 종류는 뭐가 있나요?,COLORKIND
원피스 종류는 어떤 게 있나요?,COLORKIND
남방 종류는 다른 거는 없나요?,COLORKIND
봄 조끼 종류는 어디 있어요?,COLORKIND
검은조끼는 얼마에요?,COLORKIND
여기 앞에 베이지색 니트 원피스 이거는 울인가요?,COLORKIND
티셔츠 좀 보려구요,COLORKIND
아이보리 니트 이거는 길이가 어느 정도 돼요?,COLORKIND
긴 티를 찾으세요?,COLORKIND
밑에 청바지 같은 거 입고 입으면 되겠죠?,COLORKIND
롱스커트하고 입어도 괜찮죠?,COLORKIND
스커트 어떤 건데요 체크?,COLORKIND
약간 정장스타일이네요 그죠?,COLORKIND
코트 말씀이신가요?,COLORKIND
이 트렌치코트 봄신상이에요?,COLORKIND
남자들 봄 코트 좀 볼 수 있을까요?,COLORKIND
이게 조금 더 정장스러운 데 어떠세요?,COLORKIND
이 가디건 이거는 앙고라 섞인 거에요?,COLORKIND
이거는 원피스 형으로 나온 거에요?,COLORKIND
청바지랑 같이 입어도 되겠다 그죠?,COLORKIND
남방스타일이다 그죠?,COLORKIND
여기 여학생 티셔츠 맞아요?,COLORKIND
요즘에는 색상이 어떤 거 많이 입어요?,COLORKIND
청바지에요 이거는 가격이 어떻게 해요?,COLORKIND
할아버지들 입는 잠바 보려고 하는데요,COLORKIND
그러면 소재가 패딩이에요?,COLORKIND
엄마들 입는 잠바 보려는데요,COLORKIND
그런 색깔은 별로 안좋아하고 밝은 색 좋아하거든요,COLORKIND
저런 티셔츠는 얼마에요?,COLORKIND
바지 같은 거는 어떤 거 있어요?,COLORKIND
이 코트 사이즈가 어떻게 돼요?,COLORKIND
어떤 거요 앞에 노란코트요?,COLORKIND
니트 종류는 뭐 있어요?,COLORKIND
니트는 저 앞 쪽에 있어요 겨울꺼 보시는 거에요?,COLORKIND
목 폴라티 같은 거 있어요?,COLORKIND
지금 세일하는 것들 얼마 안남았어요 달라붙는 티를 찾으세요?,COLORKIND
색깔은 까만 색은 없나봐요?,COLORKIND
코트는 얼마에요?,COLORKIND
아 그래요 이런 거 검은 색 있으면 좋겠다,COLORKIND
코트 이런 것들은 가격이 얼마에요?,COLORKIND
모직 코트는 어디 있어요?,COLORKIND
모직 코트요?,COLORKIND
네이비네요 저런 건 너무 두꺼워 보인다고 해야되나?,COLORKIND
모직 코트 있어요?,COLORKIND
아 핸드메이드 종류는 없어요?,COLORKIND
목티같은 거는?,COLORKIND
아이보리색 이거는 가격이 어떻게 되요?,COLORKIND
검은색 이거는 좀 작겠죠?,COLORKIND
핸드메이드 이거는 가격이 어떻게 돼요 검은 색?,COLORKIND
소매 없는 이런 코트는 어떻게 해요?,COLORKIND
이런 목티는 얼마씩 해요?,COLORKIND
폴라티인데 좀 두꺼운 폴라티 있나요?,COLORKIND
면티같은 거 이런 거는 가격은 어떻게 돼요?,COLORKIND
티셔츠에 프릴 달린 거는 뭐랑 입으면 돼요?,COLORKIND
이런 블라우스 종류 아니면 이런 남방 종류도 잘 나갑니다 어떠세요?,COLORKIND
이 후드티 프린트된 거 말고 있나요?,COLORKIND
이 후드티는 얼마에요? 이거는 정가예요?,COLORKIND
이 색 말고는 없나요?,COLORKIND
후드 말고는 없나요?,COLORKIND
이런 조끼는 안에 뭐 들었어요?,COLORKIND
이렇게 치마같이 나온 거는 뭐예요?,COLORKIND
그러면 바지 종류는 뭐 있어요?,COLORKIND
이런 건 면바지네요?,COLORKIND
사계절 모자는 없나요?,COLORKIND
모자는 가격이 어느 정도 하나요?,COLORKIND
정장 바지인데요 혹시 기모 들어가 있는 거 있어요?,COLORKIND
색상은 뭐 있어요?,COLORKIND
이 코트는 사이즈가 어떻게 돼요?,COLORKIND
색깔은 뭐 있어요?,COLORKIND
제가 신은 이런 양말은 없나요?,COLORKIND
색상이 이렇게 두 개 밖에 없어요?,COLORKIND
수면양말 긴 거는 없어요?,COLORKIND
엄마들 입을 건데요 좀 밝은 색으로요,COLORKIND
바지는 어떤 거 있어요?,COLORKIND
이거 겨울 바지예요?,COLORKIND
이런 바지는 저한테 사이즈가 몇이면 돼요?,COLORKIND
이 티셔츠는 뭔데 두 장에 만 원이에요?,COLORKIND
이 니트 원피스는 얼마에요?,COLORKIND
색깔 뭐 있어요?,COLORKIND
와인색은 없나요?,COLORKIND
몸뻬 바지 저런 거는 어떻게 해요?,COLORKIND
이거는 색상이 지금 뭐 뭐 있어요?,COLORKIND
지금 입기 좋은 통바지 같은 거는 없어요?,COLORKIND
이 티셔츠는 프리에요?,COLORKIND
이 조끼는 얼마예요?,COLORKIND
색상이 이거밖에 없어요?,COLORKIND
이 코트는 얼마예요?,COLORKIND
따뜻하게 신을 수 있는 양말 없을까요?,COLORKIND
수면양말 이건 얼마예요?,COLORKIND
좀 진한 색 있음 좋은데,COLORKIND
머플러 이거는 소재가 뭐에요?,COLORKIND
이게 색깔 종류가?,COLORKIND
색깔이?,COLORKIND
이런 컬러도 안 괜찮아요?,COLORKIND
내한테 마음에 드는 브라운 색깔이 아닌데?,COLORKIND
혹시 검은 스키니 바지 있나요?,COLORKIND
이 바지 얼마인가요?,COLORKIND
요즘 입을 만한 블라우스 추천 좀 해주세요,COLORKIND
그럼 이 아이보리 색상 심플한데 어떠세요,COLORKIND
아 네 괜찮은 거 같은데 색상이 또 뭐가 있나요?,COLORKIND
아 네 그럼 그 색상도 좀 볼까요?,COLORKIND
그럼 네이비 색상 입어 볼 수 있을까요?,COLORKIND
바지가 좀 길어서 그런데 여기서 수선도 맡겨주시나요?,COLORKIND
그러면 이 네이비 제품 주시고 바지기장도 좀 줄여주세요.,COLORKIND
색은 검은색밖에 없나요?,COLORKIND
그럼 흰색 상품을 주문할 수 있나요?,COLORKIND
이 후드티 사이즈 90이 있나요?,COLORKIND
청바지를 좀 사고 싶은데 추천해주실 수 있나요?,COLORKIND
이 티 색상이 어떻게 나와요?,COLORKIND
이거 블랙으로 입어봐도 되나요?,COLORKIND
이 원피스 S 사이즈 있나요?,COLORKIND
혹시 이 원피스에 어울릴만한 스카프도 있을까요?,COLORKIND
이 스카프 다른 색상은 어떤게 있나요?,COLORKIND
그러면 평소 좋아하시는 색상 있으세요?,COLORKIND
이 원피스는 어떠세요?,COLORKIND
반팔 티셔츠 어디있나요?,COLORKIND
남자 반팔 티셔츠가 있는 곳으로 데려다 주시겠어요?,COLORKIND
알겠습니다. 후드 티는 어디 있나요?,COLORKIND
이 후드 티 다른 치수 있나요?,COLORKIND
이 원피스 얼마에요?,COLORKIND
그럼 이런 정장 스타일로 입어보시겠어요?,COLORKIND
후드 티를 사고 싶은데 옷 있나요?,COLORKIND
코트 좀 보러 왔는데요,COLORKIND
특별히 찾으시는 종류 있으신가요?,COLORKIND
학생들 교복 속에 입는 하얀티 있나요?,COLORKIND
색상은 이거 하나인가요?,COLORKIND
이 원피스 사이즈 있을까요?,COLORKIND
다른 색상도 있나요?,COLORKIND
저 회사 면접 때문에 정장 보러 왔습니다,COLORKIND
요즘 면접용 정장이 새로 나왔는데 보여드릴까요?,COLORKIND
혹시 후드 티 있나요?,COLORKIND
이 옷 색상이 한 가지인가요?,COLORKIND
청바지 사러 왔습니다,COLORKIND
바람막이 점퍼 있나요?,COLORKIND
노란색으로 95 사이즈 있나요?,COLORKIND
점퍼에 어울리는 모자 있나요?,COLORKIND
이 모자는 어떠세요?,COLORKIND
이 패딩은 가격이 얼마인가요?,COLORKIND
이 후드티 사이즈 더 있나요?,COLORKIND
이 맨투맨은 어떠세요?,COLORKIND
트레이닝 바지 좀 보려는데요,COLORKIND
셔츠 종류 있나요?,COLORKIND
하늘색  스트라이프 셔츠도 있나요?,COLORKIND
양복 맞추려고 하는데요,COLORKIND
조끼도 하실 거죠?,COLORKIND
혹시 이 옷 색상이 블랙이랑 레드가 전부인가요?,COLORKIND
죄송한데 혹시 그럼 다른 매장에 퍼플색 있는지 확인 좀 해주실 수 있을까요?,COLORKIND
아 그럼 정장 처음 맞춰보시나요?,COLORKIND
그럼 기본으로 블랙이나 네이비가 제일 무난하세요,COLORKIND
그럼 저는 블랙 계열로 맞추고 싶어요,COLORKIND
이 티셔츠 라지 사이즈 있나요?,COLORKIND
바지 좀 사고 싶은데요,COLORKIND
캐주얼하게 입을 바지가 있나요?,COLORKIND
이 바지는 얼마인가요?,COLORKIND
남성 정장을 구입하려는데요,COLORKIND
그럼 슬림 핏으로 된 정장을 보여드릴까요?,COLORKIND
혹시 이 제품 다른 색은 없나요?,COLORKIND
원피스 종류도 있나요?,COLORKIND
원피스 중에 잘 나가는 제품 하나만 추천해주세요,COLORKIND
롱패딩 있나요?,COLORKIND
검은색 말고 남색은 없나요?,COLORKIND
검은색으로 사고 싶은데요,COLORKIND
다른 색은 어떤 게 있나요?,COLORKIND
그럼 흰색 주세요,COLORKIND
맨투맨은 어느 쪽에 있어요?,COLORKIND
맨투맨에 프린트되어있는 디자인은 이게 전부인가요?,COLORKIND
이 맨투맨은 컬러가 이렇게 3가지인가요?,COLORKIND
그럼 oo 컬러 재입고는 언제인가요?,COLORKIND
그럼 나머지 3가지 컬러 중에서 제일 인기 있는 컬러는 뭐예요?,COLORKIND
이 옷이랑 같은 제품 검은색도 있을까요?,COLORKIND
이 목도리랑 같이 계산해주세요,COLORKIND
브이넥 니트 할인되는 건 여기 있는 게 다인 가요?,COLORKIND
이런 종류 옷은 얼마 정도 하나요?,COLORKIND
여기 혹시 성인 남자 바지도 판매하나요?,COLORKIND
따뜻하게 입을만한 바지 추천해주시겠어요?,COLORKIND
색상은 검정뿐인가요?,COLORKIND
네이비 색상 100사이즈 있나요?,COLORKIND
그럼 이 셔츠 xl 사이즈 있나요?,COLORKIND
그럼 이 셔츠 L 사이즈로 계산해주세요,COLORKIND
검은색 코트를 찾고 있는데요,COLORKIND
아 제가 찾고 있는 게 양복에 잘 어울릴만한 깔끔한 스타일인 데 있을까요?,COLORKIND
저희가 3가지 종류가 들어왔는데 한번 보시겠어요?,COLORKIND
아 그리고 슬랙스는 어느 쪽에 있나요?,COLORKIND
이 블라우스는 무슨 무슨 색 있나요?,COLORKIND
하얀색 66 입어볼 수 있나요?,COLORKIND
어울릴만한 치마도 하나 추천해주세요,COLORKIND
이 카디건은 얼마인가요?,COLORKIND
이 바지는요?,COLORKIND
저에게 어울리는 청바지를 찾아주세요,COLORKIND
어떤 스타일의 청바지를 원하세요?,COLORKIND
그럼 이런 슬랙스 스타일의 청바지는 어떠세요?,COLORKIND
조금 더 진한 색의 청바지 있을까요?,COLORKIND
네 이 청바지 어떠세요?,COLORKIND
그럼 같은 디자인으로 다른 색상 있나요?,COLORKIND
이 옷 이 색 말고 다른 색도 있나요?,COLORKIND
블랙 색상 사이즈 100으로 입어봐도 될까요?,COLORKIND
간절기용 티셔츠 좀 볼 수 있나요,COLORKIND
같은 사이즈로 회색하고 갈색 두 종류를 보고 싶습니다,COLORKIND
롱 원피스 종류 있어요?,COLORKIND
티 좀 보려고 하는데요,COLORKIND
그럼 새로 나온 이 니트는 어떠세요?,COLORKIND
여기 양말은 어디 있나요?,COLORKIND
건강 발가락 양말도  저기 있나요?,COLORKIND
선호하는 옷 종류가 따로 있으실까요?,COLORKIND
그럼 이런 연한 핑크색의 등산복 종류가 어떠세요?,COLORKIND
원피스 있나요?,COLORKIND
네 치마 길이 긴 디자인은 없나요?,COLORKIND
이 바지 다른 사이즈 있나요?,COLORKIND
컬러는 이게 다인가요?,COLORKIND
혹시 찾으시는 색상 있으신가요?,COLORKIND
블랙이나 차콜 그레이 있어요?,COLORKIND
이 원피스 66사이즈 있나요?,COLORKIND
어떤 종류를 찾으시나요?,COLORKIND
심플한 디자인의 원피스를 보고 있는데요?,COLORKIND
색상은 뭐가 있죠?,COLORKIND
이번 겨울 신상 코트는 어느 쪽에 있나요?,COLORKIND
이 치마는 무슨 무슨 색 있어요?,COLORKIND
치마랑 어울릴 만한 니트 있나요?,COLORKIND
그럼 치마랑 니트 하나씩 구매할게요,COLORKIND
이 니트 프리사이즈인가요?,COLORKIND
혹시 블랙 말고 다른 색상도 있어요?,COLORKIND
3 컬러 전부 입어볼 수 있을까요?,COLORKIND
여성 청바지 종류 좀 보여주세요,COLORKIND
일자바지면서 9부 바지 있나요?,COLORKIND
이 바지는 할인되나요?,COLORKIND
이 옷은 컬러가 블랙 하나인가요?,COLORKIND
블라우스를 구매하고 싶은데요,COLORKIND
이 블라우스는 다른 색상은 없나요?,COLORKIND
분홍색 66사이즈 주시겠어요?,COLORKIND
이번에 새로 나온 패딩이 어떤 건가요?,COLORKIND
색상은 어떤 것이 있나요?,COLORKIND
블랙 색상 110 사이즈 재고가 남아있나요?,COLORKIND
그러면 110사이즈가 있는 색상은 어떤 건가요?,COLORKIND
네이비 110사이즈 입어볼 수 있나요?,COLORKIND
색상은 이거 말고 어떤 색상이 또 있나요?,COLORKIND
네 그럼 블루랑 그레이 색상으로 하나씩 주세요,COLORKIND
치마 코너는 어디에 있나요?,COLORKIND
롱패딩 보러 왔습니다,COLORKIND
아직 추우니까 이 니트는 어떠세요?,COLORKIND
혹시 검은색으로는 없나요?,COLORKIND
여성용 블랙 진 있어요?,COLORKIND
블라우스는 어느 쪽에 있나요?,COLORKIND
색상은 총 몇 가지인가요?,COLORKIND
그럼 노란색 M사이즈로 하나 가져다주세요,COLORKIND
어제 오후에 여기서 블라우스랑 치마를 샀는데 블라우스를 환불하고 싶어서요,COLORKIND
구입하신 블라우스 좀 보여주시겠어요?,COLORKIND
남성 바지는 어느 쪽에 있나요?,COLORKIND
이 바지 30 있나요?,COLORKIND
정장을 좀 구매하려고요,COLORKIND
치마 정장이랑 바지 정장 중에 어떤 거로 보여드릴까요?,COLORKIND
네 그리고 겉에 입을 코트도 추천해주세요,COLORKIND
어머니 등산복으로 어떤 게 좋을까요??,COLORKIND
혹시 선호하는 색상 있으신가요?,COLORKIND
너무 튀지 않은 색상으로 골라주시겠어요?,COLORKIND
튀지 않으면서 밝은 주황색 옷인데 이거 어떠세요?,COLORKIND
네 그리고 다른 색상 디자인도 있는지 궁금합니다,COLORKIND
이 디자인으로는 네이비 외에 그레이와 화이트가 있는데 골라보시겠어요?,COLORKIND
레깅스 있나요?,COLORKIND
혹시 블랙 말고 다른 색상 있나요?,COLORKIND
그럼 색상별로 하나씩 주세요,COLORKIND
이 원피스 사이즈 있나요?,COLORKIND
컬러는 블랙 하나인가요?,COLORKIND
겨울용 따뜻한 패딩을 찾고 있는데요,COLORKIND
와이셔츠 사려고 하는데 어디 있나요?,COLORKIND
이 와이셔츠 105 사이즈 있나요?,COLORKIND
와이셔츠랑 같이 재킷도 사려고 하는데 추천하시는 옷 있나요?,COLORKIND
이 패딩 XL도 있나요?,COLORKIND
아 블랙은 없나요?,COLORKIND
보라색 니트 있나요?,COLORKIND
정장하나 맞추려고 하는데 처음 맞추는 거라 저한테 어떤 색이 잘 어울릴까요?,COLORKIND
이 원피스 사이즈 L 있나요?,COLORKIND
이 원피스랑 어울리는 재킷도 사고 싶은데 뭐가 제일 잘나가요?,COLORKIND
저 울 재킷은 여기 걸려있는 게 전부인가요?,COLORKIND
아 혹시 울이 많이 들어간 재킷은 어떤 건가요?,COLORKIND
울 80이 들어간 검은색 재킷이 있는 데 한번 착용해보시겠어요?,COLORKIND
검은색 말고 다른 색상은 없나요?,COLORKIND
제가 색상 있는 재킷을 찾고 있어서 다른 재킷은 없나요?,COLORKIND
그럼 울 함량이 조금 낮지만 3가지 색상이 있는 재킷이 있는데 이건 어떠신가요?,COLORKIND
하늘색이 제일 깔끔한 데 사이즈는 Free인가요?,COLORKIND
원피스를 찾고 있는데요,COLORKIND
청바지로 사려고 합니다,COLORKIND
이거 바지 늘어나요?,COLORKIND
패딩을 구매하고 싶은데 제일 잘나가는 상품은 뭔가요?,COLORKIND
그럼 검은색 패딩 종류 좀 보여주실 수 있나요?,COLORKIND
이 패딩은 조금 크게 나온 편인데 한 치수 작은 건 어떠세요?,COLORKIND
보통 할머니들은 무슨 색을 많이 사가나요?,COLORKIND
이 재킷은 얼마인가요?,COLORKIND
원피스 신상 나왔어요?,COLORKIND
꽃무늬로 된 원피스 있나요?,COLORKIND
핑크색 말고 하늘색으로 주세요,COLORKIND
이 원피스에 어울리는 카디건 있나요?,COLORKIND
블라우스 좀 보려고 왔는데요,COLORKIND
원피스는 어디에 있나요?,COLORKIND
봄 신상품 카디건 있나요,COLORKIND
색상은 몇 가지 있나요,COLORKIND
주로 어떤 색상이 잘 나가나요,COLORKIND
겨울용 청바지 좀 보여주시겠어요?,COLORKIND
색이 좀 더 연한 건 없을까요?,COLORKIND
연한 색상을 원하시면 이 디자인은 어떠세요?,COLORKIND
여기 여름 원피스가 벌써 나왔네요?,COLORKIND
그러시면 이 카디건은 어떠하실까요,COLORKIND
이 카디건 금액은 얼마인가요,COLORKIND
요즘 잘 나가는 분홍색 이 셔츠는 어떠세요?,COLORKIND
롱패딩 다 팔렸나요?,COLORKIND
이 바지 사이즈가 어떻게 되나요?,COLORKIND
바지 색상은 한 가지인가요?,COLORKIND
블랙 색상 바지에 어울리는 티셔츠가 있나요?,COLORKIND
셔츠 말고 기본 티셔츠는 없나요?,COLORKIND
신랑 와이셔츠를 사려고 하는데요,COLORKIND
버건디 컬러로 105로 주세요,COLORKIND
여기 진열되어 있는 점퍼 얼마인가요?,COLORKIND
면접이시면 정장 스타일 찾으시나요?,COLORKIND
그럼 이 면 셔츠는 어떠신가요?,COLORKIND
혹시 더 밝은 색 있나요?,COLORKIND
키즈 바람막이를 보고 싶어요,COLORKIND
여자아이인데 무슨 색이 괜찮을까요?,COLORKIND
핑크색 있는데 보여드릴까요?,COLORKIND
핑크색 7살 사이즈로 주세요,COLORKIND
플레어스커트는 어느 쪽에 있나요?,COLORKIND
후드티는 이 브랜드가 잘 팔려요,COLORKIND
다른 색상은 없나요?,COLORKIND
슬랙스 좀 보여주세요,COLORKIND
치마는 오른쪽에 있나요?,COLORKIND
롱치마도 있나요?,COLORKIND
빨간색 치마도 있나요?,COLORKIND
니트 치마도 볼 수 있을까요?,COLORKIND
니트 같은 거는 어디 있어요?,COLORKIND
패딩 따듯한 거 뭐 있어요?,COLORKIND
양복 위아래 세트로 다 맞추면 얼마인가요?,COLORKIND
어떤 색상이 가장 잘 나가나요?,COLORKIND
블라우스 좀 볼 수 있을까요?,COLORKIND
이 셔츠 아이보리색 품절이에요?,COLORKIND
안녕하세요 점퍼 좀 보려고요,COLORKIND
네 밝은 색으로 보여주세요,COLORKIND
요즘 신상 코트 볼 수 있을까요?,COLORKIND
색상 회색도 있나요?,COLORKIND
슬랙스 있나요?,COLORKIND
어떤 색상으로 보여드릴까요?,COLORKIND
어떤 색상 있나요?,COLORKIND
여성 청바지도 판매하나요?,COLORKIND
제가 정장을 하나 사야 되는데 잘 팔리는 게 어떤 거죠?,COLORKIND
네 신상으로 나온 이 원피스가 요즘 선호도가 높은데요,COLORKIND
그러면 다른 색으로도 사이즈가 없을까요?,COLORKIND
회색도 가격이 똑같은가요?,COLORKIND
바지 입어보려고요,COLORKIND
이 티셔츠 조금 더 큰 치수로 있나요?,COLORKIND
저기 마네킹이 입고 있는 티셔츠도 105가 제일 큰 사이즈인가요?,COLORKIND
네 그럼 저 티셔츠로 할게요 얼마죠?,COLORKIND
이 넥타이 실크 100퍼센트면 혹시 케어를 손빨래나 드라이클리닝으로만 해야 하나요?,COLORKIND
그냥 아까 봤던 실크 넥타이로 사갈게요,COLORKIND
머플러 선물을 하려고 하는데요,COLORKIND
네 제가 원하는 색상이 아닌데 다른 거 추천 좀 해주세요,COLORKIND
네 그러세요 그럼 좀 화사한 꽃무늬 머플러는 어떨까요?,COLORKIND
네 맘에 드는데 같은 디자인으로 다른 색상도 보고 싶어요,COLORKIND
이 티셔츠 L 사이즈 있나요?,COLORKIND
색상은 여기 꺼내져 있는 것이 다인가요?,COLORKIND
네 이 티셔츠는 남녀 공용으로 입어도 무방하거죠?,COLORKIND
혹시 제일 작은 사이즈 모자 있을까요?,COLORKIND
혹시 바닷가에서 쓸만한 모자도 있나요?,COLORKIND
색상도 다양하게 있을까요?,COLORKIND
그럼 이 블라우스는 얼마인가요?,COLORKIND
조끼는요?,COLORKIND
남자 패딩을 좀 보여주시겠어요?,COLORKIND
디자인은 괜찮은데 혹시 다른 색은 없나요?,COLORKIND
혹시 흰색은 없나요?,COLORKIND
만약 지금 흰색 예약하면 얼마나 걸리나요?,COLORKIND
이 바지 사이즈 있나요?,COLORKIND
이 옷 다른 색은 없나요?,COLORKIND
바지길이를 수선할 수 있을까요?,COLORKIND
같은 디자인으로 여자 셔츠는 없나요?,COLORKIND
캐시미어 소재의 목도리도 있나요?,COLORKIND
원피스를 좀 볼 수 있을까요?,COLORKIND
네 저한테 어떤 색깔이 잘 어울릴까요?,COLORKIND
맨투맨 티 구입하려고 하는데요,COLORKIND
스카프 있나요?,COLORKIND
색상은 한 가지인가요?,COLORKIND
오렌지 컬러 얼마인가요?,COLORKIND
혹시 진한 색 청바지는 어디 있나요?,COLORKIND
이 바지는 치수가 어디까지 나오나요?,COLORKIND
여기 넥타이도 파나요?,COLORKIND
넥타이 좀 보러 왔는데요,COLORKIND
네 찾으시는 색상 있으신가요?,COLORKIND
요즘 어떤 색상이 잘 나가나요?,COLORKIND
넥타이핀도 있나요?,COLORKIND
남성 코트를 사려고 하는데요,COLORKIND
어떤 색을 찾으세요?,COLORKIND
롱패딩 보러 왔는데요,COLORKIND
컬러는 두 가지뿐인가요?,COLORKIND
혹시 스트라이프 셔츠 스몰 사이즈는 없나요?,COLORKIND
그럼 분홍색 티셔츠는요?,COLORKIND
분홍색 티셔츠도 스몰 사이즈로 찾으시는 거 맞죠?,COLORKIND
저 실례합니다만 혹시 이 플레어스커트 재고 있나요?,COLORKIND
이 옷 다른 색상은 없나요?,COLORKIND
찾으시는 색상이 있으신가요?,COLORKIND
빨간색으로 사고 싶은데 걸려있는 것 중에는 없네요,COLORKIND
그럼 노란 색상으로 한 번 볼 수 있을까요?,COLORKIND
정장 좀 보러 왔는데요,COLORKIND
네 이왕이면 베이지 색상으로 알아봐 주세요,COLORKIND
이 바지 세일 언제까지 하나요?,COLORKIND
이 색상보다 어두운 색상 바지는 어디 있나요?,COLORKIND
니트 조끼도 있나요?,COLORKIND
니트 조끼 더 큰 사이즈 없나요?,COLORKIND
남자친구에게 선물하려고 하는데 색깔은 이 색깔 하나인가요?,COLORKIND
색상은 검은색과 네이비 두 종류가 있습니다,COLORKIND
검은색으로 주세요,COLORKIND
셔츠는 어디에 있나요?,COLORKIND
이 셔츠 사이즈는 어떻게 되나요?,COLORKIND
여기 원피스 있나요?,COLORKIND
롱 원피스인가요?,COLORKIND
플라워 패턴 원피스를 찾고 있어요,COLORKIND
어떤 색상 있는지 보여 주세요,COLORKIND
밖에 전시된 검은색 반팔 티 라지 사이즈도 있나요?,COLORKIND
어떤 색이 있죠?,COLORKIND
회색 제품 라지 사이즈로 입어 봐도 될까요?,COLORKIND
여기 여성복 점인가요?,COLORKIND
치마보려고 합니다,COLORKIND
어떤 종류의 치마를 찾으세요?,COLORKIND
여자 롱스커트 보고 있어요,COLORKIND
이 스웨터 재질은 세탁기를 돌려도 되나요?,COLORKIND
이 검은색 스웨터 스몰 사이즈가 있나요?,COLORKIND
그럼 파란색 스웨터 스몰 사이즈로 입어봐도 될까요?,COLORKIND
이 스웨터 올이 나간 부분이 있는데 바꿔서 입을래요,COLORKIND
레깅스 한 장에 얼마에요?,COLORKIND
치마레깅스도 인기가 많나요?,COLORKIND
그럼 검은색 치마 레깅스 한 장 주세요,COLORKIND
남색 원피스가 필요한데 어떤 종류가 있나요?,COLORKIND
이 원피스는 66사이즈가 있나요?,COLORKIND
재킷 보러 왔어요,COLORKIND
네 어떤 재킷 찾으세요?,COLORKIND
그럼 이 검은색 재킷은요?,COLORKIND
좋네요 바지도 있나요?,COLORKIND
바지 사이즈가 안 맞아서 바꾸려고 하는데 교환 가능한가요?,COLORKIND
치마 착용해봐도 되나요?,COLORKIND
치마와 함께 입을 니트 있나요?,COLORKIND
이 니트랑 함께 구입할게요,COLORKIND
트레이닝복은 어디 있나요?,COLORKIND
코트를 좀 찾고 있는데요,COLORKIND
이번에 신상품으로 나온 검은색 테일러 코트요,COLORKIND
남자 롱 패딩 있나요?,COLORKIND
색깔은 화이트로 찾고 있는데 있나요?,COLORKIND
졸업식에 입을 정장을 맞추고 싶어요,COLORKIND
제일 잘나가는 양복은 무엇인가요?,COLORKIND
봄에 입을 셔츠는 좀 있나요?,COLORKIND
여기 남성복도 파나요?,COLORKIND
어느 쪽이 남성복이 있는 쪽인가요?,COLORKIND
색상은 카키 하나만 있나요?,COLORKIND
95 블랙 하나 포장해 주세요,COLORKIND
어머니 선물로 등산복 보고 있는데 도와주시겠어요?,COLORKIND
아들 졸업식에 선물할 정장을 한 벌 구매하려고 하는데요,COLORKIND
젊은 친구들은 슬림한 라인의 정장을 좋아하는데 이 디자인 어떠세요?,COLORKIND
여기 이 바지 29사이즈 있나요?,COLORKIND
남자 정장 보러 왔는데요,COLORKIND
색깔은 네이비 계통이었으면 해요,COLORKIND
같이 입을 수 있게 넥타이도 함께 보여주세요,COLORKIND
이 바지는 사이즈가 다양하게 나왔나요?,COLORKIND
L 사이즈 바지는 어느 쪽에서 보면 될까요?,COLORKIND
이쪽에서 보시면 되는데 어떤 종류의 바지를 원하시나요?,COLORKIND
마네킹에 걸려 있는 코트 좀 보여주세요,COLORKIND
색상은 이거 말고 어떤 색이 있나요?,COLORKIND
모자 좀 보려고요,COLORKIND
이 바지는 사이즈 어떻게 되나요?,COLORKIND
그럼 이것보다 오버핏으로 나온 코트 추천 좀 해주세요,COLORKIND
색은 어떤 걸로 추천해드릴까요?,COLORKIND
이 연한 회색 가오리 코트는 어떠세요?,COLORKIND
원피스는 어디에 있어요?,COLORKIND
이 원피스는 한 가지 색깔밖에 없나요?,COLORKIND
이 원피스 검은색으로 한 사이즈 작은 거 보여주세요,COLORKIND
귀걸이도 같이 살게요,COLORKIND
정장에 착용할 벨트를 보여주시겠어요?,COLORKIND
요런 티는 얼마 해예?,COLORKIND
이 옷 색상은 요거뿐이에요?,COLORKIND
요 핑크색 티도 이쁜데 얼마예요?,COLORKIND
저 티는 색상이 요거뿐이에요?,COLORKIND
패딩 색상은 요거 뿐이라예?,COLORKIND
저 밖에 있는 파란 티 저런 건 얼마에예?,COLORKIND
조런 티는 입어봐도 되나요?,COLORKIND
저 옷 색상은 저 색밖에 없나요?,COLORKIND
요 티는 가격이 얼마예요?,COLORKIND
이 옷도 니트 종류죠?,COLORKIND
이 옷 색상은 하나뿐인가요?,COLORKIND
이 소매가 나오는 건 요 옷 종류밖에 없어요?,COLORKIND
이렇게 얇은 티는 가격이 얼마정도예요?,COLORKIND
이 옷은 요기 있는 색상이 다예요?,COLORKIND
요 빨간 티는 니트 아니죠?,COLORKIND
요 옷도 스웨터죠?,COLORKIND
이 옷은 스카프도 딸려오나요?,COLORKIND
스카프는 얼마예요?,COLORKIND
요런 가방은 얼마예요?,COLORKIND
가방 색상은 이것뿐이에요?,COLORKIND
이 가방은 얼마예요?,COLORKIND
요 패딩은 다운소재인가요?,COLORKIND
이 패딩은 얼마예요?,COLORKIND
요 티는 얼마예요?,COLORKIND
이 옷 색상은 하나 뿐인가요?,COLORKIND
요런 티는 가격이 얼마정도 해요?,COLORKIND
이 티는 사이즈가 프린가요?,COLORKIND
코트류는 가격대가 얼마예요?,COLORKIND
이 코트 색상은 하나뿐이에요?,COLORKIND
요 옷은 색상이 하나뿐이에요?,COLORKIND
요런 티는 가격이 얼마예요?,COLORKIND
요 파란색 티는 얼마예요?,COLORKIND
요 회색 티는 얼마예요?,COLORKIND
이 티도 사만 육천 원이에요?,COLORKIND
요 미색 티도 가격이 비슷한가요?,COLORKIND
이 남방은 얼마?,COLORKIND
요 코트는 얼마예요?,COLORKIND
요런 티는 얼마예요?,COLORKIND
이 옷 사이즈는 한 종류예요?,COLORKIND
이 검정색 목티는 얼마예요?,COLORKIND
요런 핑크색 티는 얼마예요?,COLORKIND
색상은 저 미색하고 외색만 있나요?,COLORKIND
조끼 색상은 하나뿐인가요?,COLORKIND
청바지는 얼마예요?,COLORKIND
요 아이보리 티는 얼마예요?,COLORKIND
이 티는 다른 색상도 잇나요?,COLORKIND
요런 티는 재질이 뭔가요?,COLORKIND
블라우스 종류는 있나요?,COLORKIND
블라우스 이 두 종류밖에 없어예?,COLORKIND
요 흰 블라우스는 얼마예요?,COLORKIND
이 블라우스 소재는 어떻게 되나요?,COLORKIND
이 블라우스 다른 사이즈도 있나요?,COLORKIND
요 미색 바지는 얼마예요?,COLORKIND
요 니트 많이 입으면 늘어나죠?,COLORKIND
이 옷 다른 색상은 있나요?,COLORKIND
이 핑크색 조끼는 얼마예요?,COLORKIND
조끼 색상은 요거 뿐이죠?,COLORKIND
블라우스 종류는 이게 다예요?,COLORKIND
블라우스 가격대는 얼마정도 하나요?,COLORKIND
요런 핑크색 블라우스는 얼마예요?,COLORKIND
이 블라우스 사이즈는 원사이즈예요?,COLORKIND
티셔츠 종류는 요 거뿐이에요?,COLORKIND
이 티셔츠는 얼마예요?,COLORKIND
티셔츠 색상은 하나뿐인가요?,COLORKIND
이 티셔츠 카드결제로는 얼마예요?,COLORKIND
이 바지 소재는 면인가요?,COLORKIND
이 청바지도 이만 원이에요?,COLORKIND
이 핑크색 티셔츠는 얼마예요?,COLORKIND
이런 초록색 같은 티 얼마예요?,COLORKIND
이 티는 원사이즈에요?,COLORKIND
자주색 티셔츠는 얼마나 해요?,COLORKIND
바지 종류는 이게 전부 다예요?,COLORKIND
이런 가방은 얼마나 해요?,COLORKIND
이 티들 가격은 전부 똑같나요?,COLORKIND
이 티는 색상이 하나뿐인가요?,COLORKIND
얇은 티셔츠는 어느 쪽에 있나요?,COLORKIND
이 보라색 티는 얼마예요?,COLORKIND
이 티는 재질이 뭔가요?,COLORKIND
이 티는 두 가지 색상만 있나요?,COLORKIND
이 옷 색상은 한 가지뿐인가요?,COLORKIND
딱 붙는 쫄바지는 없죠?,COLORKIND
이 가방들 전부 다 핸드메이드인가요?,COLORKIND
이 제품이랑 비슷한 종류로는 없어요?,COLORKIND
가방 종류는 여기 있는 게 다다 그죠?,COLORKIND
조 가죽 가방은 얼마나 해요?,COLORKIND
이 제품 검정색 없어요?,COLORKIND
이 아이보리색 제품은 얼마예요?,COLORKIND
이 제품 다른 색상은 없나요?,COLORKIND
이 제품 색상은 더 없어요?,COLORKIND
이 제품은 어떤 색이 잘 나가요?,COLORKIND
무슨 색깔 좋아하세요?,COLORKIND
검정색 티 얼마에요?,COLORKIND
이 티는 원사이즈인가요?,COLORKIND
이 세트제품에서 티셔츠만 구입할 수 있나요?,COLORKIND
핑크색 제품으로 드릴까요?,COLORKIND
저 옷 디자인은 한 가지만 있네요. 분홍색 없어요?,COLORKIND
학생들 입을 수 있는 트레이닝복 바지 있어요?,COLORKIND
이런 세트상품은 바지만 따로 살 수 있어요?,COLORKIND
이 제품과 똑같은 바지는 없나요?,COLORKIND
요 회색 옷은 사이즈가 어때예?,COLORKIND
이 검은색 옷도 프리사이즈인가요?,COLORKIND
이 회색 옷 가격은 어떻게 해예?,COLORKIND
이 아이보리색 옷은 사이즈가 어뜨케돼예?,COLORKIND
연두색도 아이고 니트 이거는 뭐라해야되노 녹색이예요?,COLORKIND
이 제품 곤색이 있나요?,COLORKIND
혹시 여자 코트는 어디 있어요?,COLORKIND
어머니 바지 얼마 입으세요?,COLORKIND
보통 붉은 색보다 저런 색상이 점잖아보이네요?,COLORKIND
뚱뚱한 사람이라 목이 짧아서 모자 달린 걸 싫어하시던데?,COLORKIND
약간 긴 가디건 있나 해서 왔는데,COLORKIND
색깔 찐한 건 이 제품이네요?,COLORKIND
이 검은색 제품은 얼마예요?,COLORKIND
앞에 요 하늘색 니트 사이즈가 저힌테 클까요?,COLORKIND
앞에 걸어놓은 저 잠바는 얼마예요?,COLORKIND
이 제품은 조끼로도 나오네요?,COLORKIND
조끼는 얼마예요?,COLORKIND
저 앞 잠바는 얼마예요?,COLORKIND
저 곤색 옷은 얼마예요?,COLORKIND
조끼는 없어요?,COLORKIND
통조끼 찾으세요?,COLORKIND
이 옷보다 짙은 색 옷은 없죠?,COLORKIND
바깥에 기모 바지는 얼마씩 해요?,COLORKIND
어떤게 많이 나가는 바지에요?,COLORKIND
이런 청바지는 얼마인가요?,COLORKIND
이 청바지는 왜 이리 비싸요?,COLORKIND
저 청바지는 왜 이리 싸요?,COLORKIND
조 미색 조끼는 얼마예요?,COLORKIND
뚱뚱한 사람들은 이런 치마가 어울릴까요?,COLORKIND
이 티는 삼만 원이라는 거죠?,COLORKIND
바지는 어딨나요?,COLORKIND
이런 정장은 얼마씩 해요?,COLORKIND
연두색 요 니트는 얼마예요?,COLORKIND
이런 바지는 얼마씩 해요?,COLORKIND
이 청바지는 얼마예요?,COLORKIND
검은 바지에도 기모가 없나요?,COLORKIND
기모 없어도 좀 두꺼운 바지는 없죠?,COLORKIND
청바지 종류도 여기 있는 제품이 다죠?,COLORKIND
검은색 청바지도 삼만원인가요?,COLORKIND
회색 이 제품은 얼마예요?,COLORKIND
저쪽 까만 코트는 다른 사이즈가 있나요?,COLORKIND
저 니트는 얼마예요?,COLORKIND
두꺼운 잠바로 하셔야 돼요?,COLORKIND
이 잠바는 얼마예요?,COLORKIND
이 잠바 검은색으로는 있어요?,COLORKIND
이 잠바는 기네요?,COLORKIND
이 옷은 저 옷이랑 같은 색이네요?,COLORKIND
이 잠바 충전재가 오리털인가요?,COLORKIND
등산바지는 어떤 게 잘 나가요?,COLORKIND
남자바지는 이쪽이 다예요?,COLORKIND
이 비싼 바지는 세일 하나요?,COLORKIND
등산복도 드라이 해야 하나요?,COLORKIND
청바지도 세일해요?,COLORKIND
요 미색 옷은 더 뚱뚱하게 보이지 않을까요?,COLORKIND
검은색 옷은 얼마예요?,COLORKIND
어떤 색상이 잘나가요?,COLORKIND
회색 옷은 얼마예요?,COLORKIND
이런 조끼 말고 모직 조끼는 없죠?,COLORKIND
저런 조끼는 얼마예요?,COLORKIND
패딩 조끼 말고 모직 조끼는 없죠?,COLORKIND
요 앞에 코트 얼마예요?,COLORKIND
이 삼십만 원짜리 코트는 소재가 어떻게 되나요?,COLORKIND
이 황토색 옷도 캐시미어인가요?,COLORKIND
이 제품은 코트죠?,COLORKIND
이 제품은 회색하고 베이지색 중에 어떤 게 잘 나가요?,COLORKIND
곤색 옷이랑 이 제품이랑 다르죠?,COLORKIND
요 남성용 카키색 옷은 얼마예요?,COLORKIND
곤색 옷은 얼마예요?,COLORKIND
이 제품 색상은 하나뿐인가요?,COLORKIND
요 보라색 옷은 얼마예요?,COLORKIND
저 조끼는 얼마예요?,COLORKIND
블라우스 종류로 이 제품보다 더 저렴한 건 없나요?,COLORKIND
요런 회색옷은 얼마예요?,COLORKIND
이 조끼는 마이까지 세트죠?,COLORKIND
마이만은 얼마예요?,COLORKIND
요런 조끼는 얼마씩 해요?,COLORKIND
베이지색 옷은 얼마예요?,COLORKIND
까만색 옷이 많이 나가죠?,COLORKIND
요 니트 가디건은 얼마예요?,COLORKIND
어디에 패딩이 있어요?,COLORKIND
이 옷은 티 같은데요?,COLORKIND
요 카키색 코트는 얼마예요?,COLORKIND
요 조끼 얼마예요?,COLORKIND
저 원피스는 얼마예요?,COLORKIND
바지 찾으세요?,COLORKIND
요런 마이도 큰 사이즈 없나요?,COLORKIND
요 밤색옷은 얼마예요?,COLORKIND
시어머니께 이 조끼 사이즈가 맞을까요?,COLORKIND
이 회색조끼는 얼마예요?,COLORKIND
이 옷 검은색인가요?,COLORKIND
요 와인색 옷은 얼마예요?,COLORKIND
패딩 조끼 있어요?,COLORKIND
이 조끼는 얼마인가요?,COLORKIND
조끼는 어딨어요?,COLORKIND
요 코트 얼마예요?,COLORKIND
이 긴 회색 조끼도 세일해요?,COLORKIND
조끼 얼마예요?,COLORKIND
이 까만색 옷은 얼마예요?,COLORKIND
빨간색 옷은 얼마예요?,COLORKIND
조끼 큰 사이즈는 없네요?,COLORKIND
고런 보라색 잠바는 얼마씩 해요?,COLORKIND
코트 재고는 이제 얼마 없죠?,COLORKIND
네이비 코트는 잘나가요?,COLORKIND
니트는 살쪄보이나요?,COLORKIND
이 카키색 잘 나가나요?,COLORKIND
큰 사이즈 바지 있어요?,COLORKIND
99사이즈 보다 더 큰 사이즈 바지는 없어요?,COLORKIND
이 바지 110은 없어요?,COLORKIND
이 색깔 옷은 큰 사이즈 없죠?,COLORKIND
이 바지 큰 사이즈 없죠?,COLORKIND
이쁜 바지는 110짜리가 없네요?,COLORKIND
요 조끼는 얼마죠?,COLORKIND
이 옷은 쥐색이네요?,COLORKIND
연한 회색이 잘나가요 이 색상이 잘나가요?,COLORKIND
줄무늬 분홍색하고 아까 주황색하고 뭐가 더 잘나가요?,COLORKIND
이 바지는 큰 치수가 나와요?,COLORKIND
이 바지 큰 치수 몇 까지 나와요?,COLORKIND
요런 잠바는 얼마예요?,COLORKIND
요 회색 자켓은 얼마예요?,COLORKIND
팬티 종류 어딨어요?,COLORKIND
남성 메리야스 찾아요,COLORKIND
어떤 색상 찾으세요?,COLORKIND
메리야스도 계절별로 있나요?,COLORKIND
색상이 어둡네요?,COLORKIND
밝은 색은 나오지 않나요?,COLORKIND
팬티 낱개로 판매는 안하시나요?,COLORKIND
이 팬티는 여름용 같은데?,COLORKIND
일반용 팬티는 없어요?,COLORKIND
이게 전부 천연역색 제품인가요?,COLORKIND
천연염색은 감물말고 뭘로 염색해요?,COLORKIND
양파로 염색하면 냄새나는 거 아니에요?,COLORKIND
어떤 종류 옷으로 드릴까요?,COLORKIND
이 바지는 정장바지 아니죠?,COLORKIND
이 정장바지들은 다 기모 들었네요?,COLORKIND
이 바지 세탁기에 막 돌려도 돼요?,COLORKIND
받쳐 입을 옷이면 두꺼운 종류로 어떠세요?,COLORKIND
옷들 색상이 다양하네요?,COLORKIND
이 옷이 파란색이에요?,COLORKIND
이 색보단 저 색이 낫지 않아요?,COLORKIND
이 옷은 다른 색상 있어요?,COLORKIND
블랙은 양쪽 다 어울리긴 하네요?,COLORKIND
이 옷은 조끼인가요?,COLORKIND
이 조끼는 베이지 색상밖에 없어요?,COLORKIND
좋은 제품이라도 가져 가면 니트는 피잖아요?,COLORKIND
패딩조끼 이 색깔밖에 없나요?,COLORKIND
이 제품 살구색인가요?,COLORKIND
요 제품은 색깔이 뭐예요?,COLORKIND
이 옷 그레이색깔은 어딨어요?,COLORKIND
요 옷은 색상이 하나뿐인가요?,COLORKIND
저 핑크색 패딩은 얼마예요?,COLORKIND
다른색상 패딩은 없어요?,COLORKIND
이 패딩 저한테 맞는 사이즈는 있어요?,COLORKIND
이 옷은 남색이죠?,COLORKIND
좀 젊어보이게 입으려면 어떤 색깔이 나아요?,COLORKIND
이건 블랙도 아니고 챠콜?,COLORKIND
이 옷 색상은 회색 하나인가요?,COLORKIND
요 진회색 제품이 뭐죠?,COLORKIND
색깔은 요 하나뿐인가요?,COLORKIND
울도 털이 두 가지 종류네?,COLORKIND
와이셔츠나 블라우스를 입어야 할 것 같은데,COLORKIND
얇은 블라우스를 찾으세요?,COLORKIND
바지가 근데 이렇게 다 짧게 나와요?,COLORKIND
이런 조끼는 얼마예요?,COLORKIND
이런 티셔츠 종류는 더 없어요?,COLORKIND
이런 원피스에는 자켓이 엉덩이가 짧은데 좀 긴 거를 입고 싶으면 어떻게 해야돼요?,COLORKIND
블라우스나 티셔츠 같은거는 얼마부터 있어요?,COLORKIND
이런 스카프는 얼마예요?,COLORKIND
요즘 유행하는 색깔이 뭐예요?,COLORKIND
몸에 딱 붙는 티셔츠 있어요?,COLORKIND
원피스 중에 몸에 딱 붙는 건 없어요?,COLORKIND
이 티셔츠는 엉덩이까지 내려오나요?,COLORKIND
바지 길이가 좀 짧아 보이는데요?,COLORKIND
이 원피스는 무릎까지 내려올까요?,COLORKIND
원피스 중에 잘 나가는 걸로 몇 개 추천해주실래요?,COLORKIND
티셔츠처럼 위쪽으로 입으면 되나요?,COLORKIND
남자들이 많이 찾는 바지는 어떤거예요?,COLORKIND
아동복 매장 맞지요?,COLORKIND
이 바지도 수입품인가요?,COLORKIND
이 원피스도 수입이에요?,COLORKIND
티셔츠만 1+1이에요?,COLORKIND
바지도 1+1 하는 거예요?,COLORKIND
원피스 종류는 어느 쪽에 있어요?,COLORKIND
아동복은 어디로 가야 하죠?,COLORKIND
아동복 코너로 좀 데려다주시겠어요?,COLORKIND
바지 코너로 안내 좀 해주세요,COLORKIND
단체복도 맞출 수 있나요?,COLORKIND
저 티셔츠 주문할 수 있나요?,COLORKIND
이 바지로 주문 가능해요?,COLORKIND
이 원피스 주문하고 싶은데요,COLORKIND
저 재킷은 주문 안 되나요?,COLORKIND
피팅룸에 가방 가지고 들어가도 되나요?,COLORKIND
여기 티셔츠 정리 좀 부탁드릴게요,COLORKIND
치마 안감이 뜯어져 있어서 입을 수가 없었어요,COLORKIND
재킷에 있는 털이 너무 많이 빠쪄서 못 입겠어요,COLORKIND
스웨터 올이 풀려 있어서 입을 수가 없잖아요,COLORKIND
흰색 티셔츠에 얼룩이 있는데 이런 걸 판매하시면 어떡해요?,COLORKIND
이 티셔츠 예약할 수 있어요?,COLORKIND
색깔이 맘에 안 들어서 반품하고 싶은데요,COLORKIND
노란색이 더 맘에 들어서요 교환 좀 해주시겠어요?,COLORKIND
이런 거는 사이즈가 어떻게 돼요?,COLORSIZE
66도 있어요?,COLORSIZE
이게 숫자 적힌 게 사이즈입니까?,COLORSIZE
제 사이즈는 얼만데요?,COLORSIZE
라지라면 사이즈 얼마?,COLORSIZE
같은 걸로 다른 색도 있어요?,COLORSIZE
흰색 같은 그런 거는 있나요?,COLORSIZE
이런 거는 사이즈가?,COLORSIZE
회색은 무슨 색이랑 잘 어울려요?,COLORSIZE
여기는 다 프리사이즈예요?,COLORSIZE
색상으로 봤을 때는 이 색상이 제일 어울려 보이는데요?,COLORSIZE
이거 사이즈 다 한 개예요?,COLORSIZE
남방 컬러 종류는 어떤 게 있나요?,COLORSIZE
이거는 사이즈는 한 가지입니까?,COLORSIZE
겨자색 저거는 얼마예요?,COLORSIZE
손님 66 입으세요? 55 입으세요?,COLORSIZE
어떤 사이즈가 맞을까요?,COLORSIZE
신발 35사이즈 신으세요?,COLORSIZE
색상은 이것뿐이에요?,COLORSIZE
저 목티는 코랄 색인가요?,COLORSIZE
저거 색상은 이거 한 개뿐이에요?,COLORSIZE
조금 작아 보이네요 다른 사이즈 있나요?,COLORSIZE
색상이 이거 한 가지인가요?,COLORSIZE
이 마이는 이 색상 하나뿐이죠?,COLORSIZE
사이즈는 원 사이즈죠?,COLORSIZE
밖에 디스플레이 돼 있는 주황색 좀 두꺼운 거 얼마인가요?,COLORSIZE
저거는 색상이 몇 개?,COLORSIZE
사이즈도 원 사이즈죠?,COLORSIZE
색상은 이거 하나밖에 없어요?,COLORSIZE
이거 검은색 없어요?,COLORSIZE
이게 사이즈가 다 작죠?,COLORSIZE
색상이 아이보리하고 빨간색?,COLORSIZE
사이즈가 한 종류예요?,COLORSIZE
색상이 하나예요?,COLORSIZE
원 사이즈로 나오죠?,COLORSIZE
이거 초록색 티 얼마 해요?,COLORSIZE
이거는 색상이 뭐 있어요?,COLORSIZE
이런 거는 색상이 이것뿐이에요?,COLORSIZE
색상은 다른 거 없어요?,COLORSIZE
사이즈가 작은 것 같은데,COLORSIZE
색깔은 이거 하나?,COLORSIZE
사이즈 몇 짜리 보시는데요?,COLORSIZE
색상은 검은색뿐이에요?,COLORSIZE
보라색 이거는 얼마예요?,COLORSIZE
사이즈 작으면 바꾸러 와도 되나요?,COLORSIZE
이거 보라색밖에 없어요?,COLORSIZE
저 핑크색 원피스 실내복은 얼마예요?,COLORSIZE
색상은 이거와 연한 핑크 두 가지예요??,COLORSIZE
내의 105 사이즈는 안 나와예?,COLORSIZE
색상은 이거 검은색뿐이에요?,COLORSIZE
요거는 엑스라지 없어요?,COLORSIZE
색상도 한 종류밖에 없죠?,COLORSIZE
아이보리색 티는 얼마예요?,COLORSIZE
요거는 색상 다른 거 없나요?,COLORSIZE
사이즈가 어떻게 나와요 95 90 이렇게 나와요?,COLORSIZE
네이비 색상인가요?,COLORSIZE
밝은 색상보다는 이게 나은가요?,COLORSIZE
완전 흰색은 아니다 그죠?,COLORSIZE
색상이 다른 것도 있나요?,COLORSIZE
블루 색상에 가깝네요 그죠?,COLORSIZE
분홍색 티셔츠는 지금 얼마예요?,COLORSIZE
디피돼 있는 검은색요 요거 가죽이에요?,COLORSIZE
이거는 사이즈가 어떻게 돼요?,COLORSIZE
니트 원피스 사이즈가 어떻게 돼요?,COLORSIZE
사이즈가 어떻게 돼요?,COLORSIZE
여기는 제일 작은 사이즈가?,COLORSIZE
요 색깔하고 뭐 있어요?,COLORSIZE
수면 바지는 사이즈 없나요?,COLORSIZE
이 정장 사이즈 어떻게 되나요?,COLORSIZE
손님 사이즈가 어떻게 되세요?,COLORSIZE
이거 사이즈 큰 거는 없나요?,COLORSIZE
이거는 파란색 말고 또 뭐 있어요?,COLORSIZE
몇 사이즈 입으시는데요?,COLORSIZE
66 있죠?,COLORSIZE
77로 한 번 입어볼게요,COLORSIZE
검은색 저런 거는 얼마씩이에요?,COLORSIZE
사이즈가 몇 이예요??,COLORSIZE
까만색 버클 달린 거는 얼마고 체크 원피스 얼마예요 가격이?,COLORSIZE
조끼도 사이즈가 있나요?,COLORSIZE
이게 회색이에요?,COLORSIZE
요거 사이즈가 어떻게 돼요?,COLORSIZE
요 사이즈밖에 없어요?,COLORSIZE
사이즈 프리예요?,COLORSIZE
이건 사이즈 몇 가지 있어요?,COLORSIZE
이건 사이즈가 없나요?,COLORSIZE
이게 사이즈가 있어요?,COLORSIZE
색깔은 연보라 밖에 없어요?,COLORSIZE
이거는 사이즈가 따로 안 나오겠는데요?,COLORSIZE
색상은 이 색상밖에 없어예?,COLORSIZE
되게 커 보이는데요 사이즈가 뭐예요?,COLORSIZE
이것도 사이즈가 있나요?,COLORSIZE
카키도 있고 두 가지 색상이에요?,COLORSIZE
이거는 카키색이가?,COLORSIZE
이거는 사이즈가 몇 인데요?,COLORSIZE
이거 사이즈가 있어요?,COLORSIZE
이거는 프리사이즈로 나오는 거죠?,COLORSIZE
색상은 이거 한 색상이에요?,COLORSIZE
사이즈가 어떻게 되는데요?,COLORSIZE
색상은요?,COLORSIZE
사이즈는?,COLORSIZE
남자애들 흰색 회색 검정으로 맨투맨이나 후드티 좋아하거든요?,COLORSIZE
사이즈는 프리사이즈로 나오는 거예요?,COLORSIZE
이 흰색에 있는 브랜드하고 이거 하고 틀리나요?,COLORSIZE
사이즈는 한 사이즈 밖에 안 나와예?,COLORSIZE
체크무늬 색상 이거 하고 또 뭐 있어요?,COLORSIZE
이거는 회색?,COLORSIZE
색상은 이거 밖에 없어요?,COLORSIZE
이건 수박색?,COLORSIZE
사이즈는 얼마 입으시는데요?,COLORSIZE
이거는 검은색이가?,COLORSIZE
이건 사이즈가 어떻게 돼요?,COLORSIZE
이건 사이즈가 있나요?,COLORSIZE
색상은 이거 말고 다른 것도 있어요?,COLORSIZE
색상은 요거 한 색상이에요?,COLORSIZE
색상은 이게 전부예요?,COLORSIZE
사이즈는 얼마 보시는데요?,COLORSIZE
내복은 105 사이즈 자체가 안 나와요?,COLORSIZE
핑크색 실내복 저거는 얼마예요?,COLORSIZE
사이즈는 몇이에요?,COLORSIZE
이거는 색깔 두가지예요?,COLORSIZE
핑크색하고 베이지?,COLORSIZE
회색 한가지예요?,COLORSIZE
이거는 색 베이지밖에 없어요?,COLORSIZE
이거는 검은색 하나밖에 없어요?,COLORSIZE
이거는 색깔 베이지 하나밖에 없나요?,COLORSIZE
회색은 어딨어요?,COLORSIZE
사이즈는 55네요?,COLORSIZE
요거는 색 검은색만 있어요?,COLORSIZE
요거는 연베이지 이거밖에 없어요 색깔?,COLORSIZE
니트 이것도 핑크색 밖에 없어요?,COLORSIZE
컬러가 두 가지에요?,COLORSIZE
사이즈는 얼마에요?,COLORSIZE
여기 앞에 베이지색 니트 원피스 이거는 울인가요?,COLORSIZE
위에는 오오사이즈 입어요,COLORSIZE
이게 프리 사이즈인가요?,COLORSIZE
사이즈 백 하시면 돼요?,COLORSIZE
백사이즈 한번 줘보세요,COLORSIZE
프리사이즈다 그죠?,COLORSIZE
요즘에는 색상이 어떤 거 많이 입어요?,COLORSIZE
그런 색깔은 별로 안좋아하고 밝은 색 좋아하거든요,COLORSIZE
이 코트 사이즈가 어떻게 돼요?,COLORSIZE
색깔은 까만 색은 없나봐요?,COLORSIZE
아 그래요 이런 거 검은 색 있으면 좋겠다,COLORSIZE
네이비네요 저런 건 너무 두꺼워 보인다고 해야되나?,COLORSIZE
아이보리색 이거는 가격이 어떻게 되요?,COLORSIZE
이거 사이즈 좀 안될 거 같다 내가 보니,COLORSIZE
검은색 이거는 좀 작겠죠?,COLORSIZE
핸드메이드 이거는 가격이 어떻게 돼요 검은 색?,COLORSIZE
사이즈는 넉넉하죠?,COLORSIZE
사이즈 뭐 필요하신데요?,COLORSIZE
그러면 엠사이즈로 세 장 주세요,COLORSIZE
이 색 말고는 없나요?,COLORSIZE
색상은 뭐 있어요?,COLORSIZE
이 사이즈는 얼마 정도 하는데요?,COLORSIZE
이 코트는 사이즈가 어떻게 돼요?,COLORSIZE
색깔은 뭐 있어요?,COLORSIZE
색상이 이렇게 두 개 밖에 없어요?,COLORSIZE
엄마들 입을 건데요 좀 밝은 색으로요,COLORSIZE
사이즈는 어떻게 되시는데요?,COLORSIZE
허리 사이즈가 어떻게 되는데요?,COLORSIZE
이거 쓰리 엑스라지에요?,COLORSIZE
이런 바지는 저한테 사이즈가 몇이면 돼요?,COLORSIZE
색깔 뭐 있어요?,COLORSIZE
와인색은 없나요?,COLORSIZE
이거는 색상이 지금 뭐 뭐 있어요?,COLORSIZE
색상이 이거밖에 없어요?,COLORSIZE
사이즈는 어떻게 돼요?,COLORSIZE
이런 거는 사이즈가 프리에요?,COLORSIZE
이거 사이즈 큰 거 없어요?,COLORSIZE
사이즈 삼십팔이 입을만한 옷은 뭐가 있어요?,COLORSIZE
원하시는 사이즈는요?,COLORSIZE
사이즈는 백오 있나요?,COLORSIZE
좀 진한 색 있음 좋은데,COLORSIZE
이게 색깔 종류가?,COLORSIZE
색깔이?,COLORSIZE
이런 컬러도 안 괜찮아요?,COLORSIZE
내한테 마음에 드는 브라운 색깔이 아닌데?,COLORSIZE
혹시 이 옷 다른 사이즈가 있을까요?,COLORSIZE
혹시 사이즈가 어떻게 되나요,COLORSIZE
그럼 이 아이보리 색상 심플한데 어떠세요,COLORSIZE
아 네 괜찮은 거 같은데 색상이 또 뭐가 있나요?,COLORSIZE
아 네 그럼 그 색상도 좀 볼까요?,COLORSIZE
죄송하지만 다른 사이즈로 입어보고 싶은데요.,COLORSIZE
그럼 네이비 색상 입어 볼 수 있을까요?,COLORSIZE
그러면 이 네이비 제품 주시고 바지기장도 좀 줄여주세요.,COLORSIZE
색은 검은색밖에 없나요?,COLORSIZE
그럼 흰색 상품을 주문할 수 있나요?,COLORSIZE
이 후드티 사이즈 90이 있나요?,COLORSIZE
이 티 색상이 어떻게 나와요?,COLORSIZE
이거 블랙으로 입어봐도 되나요?,COLORSIZE
이 원피스 S 사이즈 있나요?,COLORSIZE
이 스카프 다른 색상은 어떤게 있나요?,COLORSIZE
그러면 평소 좋아하시는 색상 있으세요?,COLORSIZE
사이즈가 어떻게 되나요?,COLORSIZE
이 후드 티 다른 치수 있나요?,COLORSIZE
이거 55사이즈 있나요?,COLORSIZE
이거 55 있어요?,COLORSIZE
큰 사이즈도 있나요?,COLORSIZE
88사이즈로 하나 갖다 주세요.,COLORSIZE
네 90사이즈로  5개 주세요,COLORSIZE
혹시 더 큰 사이즈도 있나요?,COLORSIZE
색상은 이거 하나인가요?,COLORSIZE
이 원피스 사이즈 있을까요?,COLORSIZE
네 사이즈 말씀해주세요,COLORSIZE
다른 색상도 있나요?,COLORSIZE
네 됩니다 사이즈는 어떻게 입으시나요?,COLORSIZE
이 옷 색상이 한 가지인가요?,COLORSIZE
이 옷 100사이즈 있나요?,COLORSIZE
31 정도 되는데 31은 없죠?,COLORSIZE
그럼 입어보게 31로 가져다주세요,COLORSIZE
노란색으로 95 사이즈 있나요?,COLORSIZE
사이즈는 괜찮으신가요?,COLORSIZE
이 후드티 사이즈 더 있나요?,COLORSIZE
어떤 사이즈 원하세요?,COLORSIZE
이거는 xl 사이즈 있나요?,COLORSIZE
괜찮아 보이는데 라지 사이즈도 있나요?,COLORSIZE
하늘색  스트라이프 셔츠도 있나요?,COLORSIZE
제일 큰 사이즈는 어떤 게 있나요?,COLORSIZE
그래요? 치수 좀 잴게요,COLORSIZE
혹시 이 옷 색상이 블랙이랑 레드가 전부인가요?,COLORSIZE
죄송한데 혹시 그럼 다른 매장에 퍼플색 있는지 확인 좀 해주실 수 있을까요?,COLORSIZE
사이즈는 어떻게 되시죠?,COLORSIZE
그럼 기본으로 블랙이나 네이비가 제일 무난하세요,COLORSIZE
그럼 저는 블랙 계열로 맞추고 싶어요,COLORSIZE
이 티셔츠 라지 사이즈 있나요?,COLORSIZE
28사이즈로 입어볼 수 있을까요?,COLORSIZE
사이즈는 상의 95 하의는 30으로 상품 포장 부탁드립니다,COLORSIZE
혹시 이 제품 다른 색은 없나요?,COLORSIZE
사이즈가 따로 있나요?,COLORSIZE
검은색 말고 남색은 없나요?,COLORSIZE
이 옷 55사이즈 있나요?,COLORSIZE
검은색으로 사고 싶은데요,COLORSIZE
다른 색은 어떤 게 있나요?,COLORSIZE
그럼 흰색 주세요,COLORSIZE
55사이즈 맞으실까요?,COLORSIZE
이 맨투맨은 컬러가 이렇게 3가지인가요?,COLORSIZE
그럼 oo 컬러 재입고는 언제인가요?,COLORSIZE
그럼 나머지 3가지 컬러 중에서 제일 인기 있는 컬러는 뭐예요?,COLORSIZE
이 옷이랑 같은 제품 검은색도 있을까요?,COLORSIZE
사이즈는 어떻게 되나요?,COLORSIZE
이 옷으로 저한테 맞는 사이즈 갖다 주실 수 있나요?,COLORSIZE
색상은 검정뿐인가요?,COLORSIZE
네이비 색상 100사이즈 있나요?,COLORSIZE
그럼 이 셔츠 xl 사이즈 있나요?,COLORSIZE
사이즈가 좀 커 보이지 않나요?,COLORSIZE
그럼 이 셔츠 L 사이즈로 계산해주세요,COLORSIZE
검은색 코트를 찾고 있는데요,COLORSIZE
사이즈가 어떻게 되죠?,COLORSIZE
한 치수 큰 걸로 드릴까요?,COLORSIZE
이 블라우스는 무슨 무슨 색 있나요?,COLORSIZE
사이즈는요?,COLORSIZE
하얀색 66 입어볼 수 있나요?,COLORSIZE
조금 더 진한 색의 청바지 있을까요?,COLORSIZE
이거 S 사이즈 있을까요?,COLORSIZE
그럼 같은 디자인으로 다른 색상 있나요?,COLORSIZE
이 옷 이 색 말고 다른 색도 있나요?,COLORSIZE
블랙 색상 사이즈 100으로 입어봐도 될까요?,COLORSIZE
이게 괜찮은데 105사이즈 있나요,COLORSIZE
같은 사이즈로 회색하고 갈색 두 종류를 보고 싶습니다,COLORSIZE
이거 사이즈 M 있나요?,COLORSIZE
그냥 L 사이즈로 사겠습니다,COLORSIZE
이 옷은 사이즈가 어떻게 나와요?,COLORSIZE
라지 사이즈를 입어보고 싶은데 디피가 안 되어있습니다,COLORSIZE
사이즈 안 맞으면 교환 가능한가요?,COLORSIZE
이 제품 M사이즈로 하나 주세요,COLORSIZE
그럼 하나 큰 사이즈로 주세요,COLORSIZE
여기요 이거 라지 있나요,COLORSIZE
그럼 이런 연한 핑크색의 등산복 종류가 어떠세요?,COLORSIZE
어머니 몸매가 이 정도 되시는데 사이즈가 어느 게 맞을까요?,COLORSIZE
네 55사이즈로 보여드릴까요?,COLORSIZE
이 바지 다른 사이즈 있나요?,COLORSIZE
네 어떤 사이즈로 보여드릴까요?,COLORSIZE
컬러는 이게 다인가요?,COLORSIZE
혹시 찾으시는 색상 있으신가요?,COLORSIZE
블랙이나 차콜 그레이 있어요?,COLORSIZE
이 옷 사이즈 있나요?,COLORSIZE
이 원피스 66사이즈 있나요?,COLORSIZE
정 사이즈로 나온 옷인가요?,COLORSIZE
색상은 뭐가 있죠?,COLORSIZE
사이즈는 어떻게 되어있나요?,COLORSIZE
이 치마는 무슨 무슨 색 있어요?,COLORSIZE
사이즈는 어떻게 나오나요?,COLORSIZE
이것도 66사이즈 있나요?,COLORSIZE
이 니트 프리사이즈인가요?,COLORSIZE
혹시 미디엄 사이즈 있어요?,COLORSIZE
혹시 블랙 말고 다른 색상도 있어요?,COLORSIZE
3 컬러 전부 입어볼 수 있을까요?,COLORSIZE
빅 사이즈 옷을 찾고 있는데 있을까요?,COLORSIZE
이 옷은 컬러가 블랙 하나인가요?,COLORSIZE
사이즈는 몇까지 나오나요?,COLORSIZE
그럼 이거 77사이즈로 새 제품으로 준비해줄 수 있을까요?,COLORSIZE
이 블라우스는 다른 색상은 없나요?,COLORSIZE
분홍색 66사이즈 주시겠어요?,COLORSIZE
색상은 어떤 것이 있나요?,COLORSIZE
블랙 색상 110 사이즈 재고가 남아있나요?,COLORSIZE
그러면 110사이즈가 있는 색상은 어떤 건가요?,COLORSIZE
네이비 110사이즈 입어볼 수 있나요?,COLORSIZE
임신 중이라 넉넉한 사이즈를 찾고 있는데 어떤 스타일이 좋을까요?,COLORSIZE
네 고객님 임신 중이시면 넉넉한 사이즈로 나온 이 옷은 어떠세요?,COLORSIZE
색상은 이거 말고 어떤 색상이 또 있나요?,COLORSIZE
네 그럼 블루랑 그레이 색상으로 하나씩 주세요,COLORSIZE
사이즈 도와드릴까요?,COLORSIZE
66사이즈보다 한 사이즈 더 큰 사이즈 있나요?,COLORSIZE
혹시 검은색으로는 없나요?,COLORSIZE
어떤 사이즈 입으세요?,COLORSIZE
여성용 블랙 진 있어요?,COLORSIZE
허리 사이즈가 어떻게 되세요?,COLORSIZE
혹시 이 옷 다른 사이즈도 있나요?,COLORSIZE
색상은 총 몇 가지인가요?,COLORSIZE
그럼 노란색 M사이즈로 하나 가져다주세요,COLORSIZE
30이 작네요 31 있을까요?,COLORSIZE
네 평소 사이즈가 어떻게 되시죠?,COLORSIZE
혹시 선호하는 색상 있으신가요?,COLORSIZE
너무 튀지 않은 색상으로 골라주시겠어요?,COLORSIZE
튀지 않으면서 밝은 주황색 옷인데 이거 어떠세요?,COLORSIZE
이 옷 다른 사이즈도 볼 수 있을까요?,COLORSIZE
네 고객님 사이즈가 어떻게 되시나요?,COLORSIZE
네 그리고 다른 색상 디자인도 있는지 궁금합니다,COLORSIZE
이 디자인으로는 네이비 외에 그레이와 화이트가 있는데 골라보시겠어요?,COLORSIZE
혹시 블랙 말고 다른 색상 있나요?,COLORSIZE
그럼 색상별로 하나씩 주세요,COLORSIZE
이 원피스 사이즈 있나요?,COLORSIZE
55사이즈로 입어볼게요,COLORSIZE
컬러는 블랙 하나인가요?,COLORSIZE
네 고객님 몇 사이즈세요?,COLORSIZE
아 그러시면 한 사이즈 작은 거 드려볼까요?,COLORSIZE
네 105 사이즈 한번 입어볼게요,COLORSIZE
이 와이셔츠 105 사이즈 있나요?,COLORSIZE
아 블랙은 없나요?,COLORSIZE
보라색 니트 있나요?,COLORSIZE
라지 사이즈도 있나요?,COLORSIZE
정장하나 맞추려고 하는데 처음 맞추는 거라 저한테 어떤 색이 잘 어울릴까요?,COLORSIZE
이 원피스 사이즈 L 있나요?,COLORSIZE
그럼 M사이즈로 입어 볼 수 있나요?,COLORSIZE
울 80이 들어간 검은색 재킷이 있는 데 한번 착용해보시겠어요?,COLORSIZE
검은색 말고 다른 색상은 없나요?,COLORSIZE
제가 색상 있는 재킷을 찾고 있어서 다른 재킷은 없나요?,COLORSIZE
그럼 울 함량이 조금 낮지만 3가지 색상이 있는 재킷이 있는데 이건 어떠신가요?,COLORSIZE
하늘색이 제일 깔끔한 데 사이즈는 Free인가요?,COLORSIZE
그럼 L 사이즈를 찾아주세요,COLORSIZE
사이즈가 없으면 어떻게 하나요?,COLORSIZE
사이즈가 안 맞으니 정리해주세요,COLORSIZE
그럼 검은색 패딩 종류 좀 보여주실 수 있나요?,COLORSIZE
사이즈는 어떤 걸로 보여드릴까요?,COLORSIZE
이 패딩은 조금 크게 나온 편인데 한 치수 작은 건 어떠세요?,COLORSIZE
그럼 미디엄 사이즈인가요?,COLORSIZE
네 미디엄 사이즈로 보여주세요,COLORSIZE
보통 할머니들은 무슨 색을 많이 사가나요?,COLORSIZE
제일 큰 사이즈는 무엇인가요?,COLORSIZE
핑크색 말고 하늘색으로 주세요,COLORSIZE
이 사이즈보다 한 치수 큰 거 있나요?,COLORSIZE
색상은 몇 가지 있나요,COLORSIZE
주로 어떤 색상이 잘 나가나요,COLORSIZE
색이 좀 더 연한 건 없을까요?,COLORSIZE
연한 색상을 원하시면 이 디자인은 어떠세요?,COLORSIZE
66사이즈로 예쁘게 포장해 주세요,COLORSIZE
요즘 잘 나가는 분홍색 이 셔츠는 어떠세요?,COLORSIZE
좋아요 큰 사이즈도 있나요?,COLORSIZE
얼마나 큰 사이즈를 찾으세요?,COLORSIZE
xl 사이즈 있나요?,COLORSIZE
이 바지 사이즈가 어떻게 되나요?,COLORSIZE
M사이즈는 몇 인치인가요?,COLORSIZE
바지 색상은 한 가지인가요?,COLORSIZE
블랙 색상 바지에 어울리는 티셔츠가 있나요?,COLORSIZE
그럼 이거 105사이즈 있나요?,COLORSIZE
버건디 컬러로 105로 주세요,COLORSIZE
55사이즈 입어볼게요,COLORSIZE
이거 사이즈 105사이즈 있나요?,COLORSIZE
세일 품목은 매일매일 달라지나요?,COLORSIZE
혹시 더 밝은 색 있나요?,COLORSIZE
여자아이인데 무슨 색이 괜찮을까요?,COLORSIZE
핑크색 있는데 보여드릴까요?,COLORSIZE
핑크색 7살 사이즈로 주세요,COLORSIZE
이 옷 66사이즈 있나요?,COLORSIZE
다른 색상은 없나요?,COLORSIZE
빨간색 치마도 있나요?,COLORSIZE
지난주에 여기서 이 옷을 사 갔는데 사이즈가 안 맞아서 교환 좀 하려고요,COLORSIZE
혹시 이 옷 여성 사이즈는 없나요?,COLORSIZE
어떤 색상이 가장 잘 나가나요?,COLORSIZE
이거 라지 사이즈 있나요?,COLORSIZE
이 셔츠 아이보리색 품절이에요?,COLORSIZE
네 밝은 색으로 보여주세요,COLORSIZE
맘에 들어요 사이즈가 맞을까요?,COLORSIZE
90사이즈 있나요?,COLORSIZE
색상 회색도 있나요?,COLORSIZE
어떤 색상으로 보여드릴까요?,COLORSIZE
어떤 색상 있나요?,COLORSIZE
그럼 66은 있나요?,COLORSIZE
그러면 다른 색으로도 사이즈가 없을까요?,COLORSIZE
회색도 가격이 똑같은가요?,COLORSIZE
이 티셔츠 조금 더 큰 치수로 있나요?,COLORSIZE
105보다 큰 사이즈는 없나요?,COLORSIZE
저기 마네킹이 입고 있는 티셔츠도 105가 제일 큰 사이즈인가요?,COLORSIZE
네 제가 원하는 색상이 아닌데 다른 거 추천 좀 해주세요,COLORSIZE
네 맘에 드는데 같은 디자인으로 다른 색상도 보고 싶어요,COLORSIZE
이 티셔츠 L 사이즈 있나요?,COLORSIZE
색상은 여기 꺼내져 있는 것이 다인가요?,COLORSIZE
혹시 제일 작은 사이즈 모자 있을까요?,COLORSIZE
색상도 다양하게 있을까요?,COLORSIZE
디자인은 괜찮은데 혹시 다른 색은 없나요?,COLORSIZE
혹시 흰색은 없나요?,COLORSIZE
만약 지금 흰색 예약하면 얼마나 걸리나요?,COLORSIZE
이 바지 사이즈 있나요?,COLORSIZE
몇 사이즈를 원하시죠?,COLORSIZE
이 옷 다른 색은 없나요?,COLORSIZE
한 사이즈 작은 옷 있을까요?,COLORSIZE
네 저한테 어떤 색깔이 잘 어울릴까요?,COLORSIZE
사이즈 XXL 있나요?,COLORSIZE
그럼 xl 사이즈로 포장해주세요,COLORSIZE
색상은 한 가지인가요?,COLORSIZE
오렌지 컬러 얼마인가요?,COLORSIZE
혹시 진한 색 청바지는 어디 있나요?,COLORSIZE
이 바지는 치수가 어디까지 나오나요?,COLORSIZE
66사이즈 재고가 남아있나요?,COLORSIZE
네 찾으시는 색상 있으신가요?,COLORSIZE
요즘 어떤 색상이 잘 나가나요?,COLORSIZE
어떤 색을 찾으세요?,COLORSIZE
더 큰 사이즈는 없나요?,COLORSIZE
컬러는 두 가지뿐인가요?,COLORSIZE
혹시 스트라이프 셔츠 스몰 사이즈는 없나요?,COLORSIZE
그럼 분홍색 티셔츠는요?,COLORSIZE
분홍색 티셔츠도 스몰 사이즈로 찾으시는 거 맞죠?,COLORSIZE
스몰 사이즈 하나 남아있는데 가져다드릴까요?,COLORSIZE
혹시 사이즈가 어떻게 되시나요?,COLORSIZE
이 옷 다른 색상은 없나요?,COLORSIZE
찾으시는 색상이 있으신가요?,COLORSIZE
빨간색으로 사고 싶은데 걸려있는 것 중에는 없네요,COLORSIZE
그럼 노란 색상으로 한 번 볼 수 있을까요?,COLORSIZE
네 사이즈는 몇으로 드릴까요?,COLORSIZE
네 이왕이면 베이지 색상으로 알아봐 주세요,COLORSIZE
사이즈는 어떻게 되시나요?,COLORSIZE
이 색상보다 어두운 색상 바지는 어디 있나요?,COLORSIZE
사이즈는 이게 전부인가요?,COLORSIZE
니트 조끼 더 큰 사이즈 없나요?,COLORSIZE
이 옷은 사이즈가 프리인가요?,COLORSIZE
남자친구에게 선물하려고 하는데 색깔은 이 색깔 하나인가요?,COLORSIZE
색상은 검은색과 네이비 두 종류가 있습니다,COLORSIZE
검은색으로 주세요,COLORSIZE
이 셔츠 사이즈는 어떻게 되나요?,COLORSIZE
지금 9개월 아기인데 사이즈 있나요?,COLORSIZE
어떤 색상 있는지 보여 주세요,COLORSIZE
밖에 전시된 검은색 반팔 티 라지 사이즈도 있나요?,COLORSIZE
비슷한 스타일로 라지 사이즈 제품은 없을까요?,COLORSIZE
어떤 색이 있죠?,COLORSIZE
회색 제품 라지 사이즈로 입어 봐도 될까요?,COLORSIZE
이거 사이즈 다른 거 없나요?,COLORSIZE
혹시 허리 사이즈만 수선 가능할까요?,COLORSIZE
이거 사이즈가 없는 것 같은데 찾아주실 수 있나요?,COLORSIZE
어떤 사이즈로 찾으시나요?,COLORSIZE
저 지금 라지 사이즈 밖에 안 보여서 미디엄 좀 찾아주세요,COLORSIZE
이 검은색 스웨터 스몰 사이즈가 있나요?,COLORSIZE
그럼 파란색 스웨터 스몰 사이즈로 입어봐도 될까요?,COLORSIZE
프리사이즈 있나요?,COLORSIZE
그럼 검은색 치마 레깅스 한 장 주세요,COLORSIZE
남색 원피스가 필요한데 어떤 종류가 있나요?,COLORSIZE
이 원피스는 66사이즈가 있나요?,COLORSIZE
그럼 이 검은색 재킷은요?,COLORSIZE
부모님께 선물 드릴 옷을 사려는데 사이즈가 어떤 게 있죠?,COLORSIZE
바지 사이즈가 안 맞아서 바꾸려고 하는데 교환 가능한가요?,COLORSIZE
한 사이즈 작은 거 있나요?,COLORSIZE
사이즈가 안 맞네요,COLORSIZE
이번에 신상품으로 나온 검은색 테일러 코트요,COLORSIZE
색깔은 화이트로 찾고 있는데 있나요?,COLORSIZE
이거 사이즈가 어떻게 되나요?,COLORSIZE
그럼 여자는 한 사이즈 작게 입어야 맞을까요?,COLORSIZE
색상은 카키 하나만 있나요?,COLORSIZE
95 블랙 하나 포장해 주세요,COLORSIZE
이쁜데 사이즈가 있을까요?,COLORSIZE
77사이즈 정도면 좋을 거 같은데 안 맞으면 교환 가능한가요?,COLORSIZE
상의 95 하의 30 사이즈로 주세요,COLORSIZE
여기 이 바지 29사이즈 있나요?,COLORSIZE
한 치수 작은 거 있나요,COLORSIZE
색깔은 네이비 계통이었으면 해요,COLORSIZE
사이즈 몇 입으시죠?,COLORSIZE
이 바지는 사이즈가 다양하게 나왔나요?,COLORSIZE
L 사이즈 바지는 어느 쪽에서 보면 될까요?,COLORSIZE
색상은 이거 말고 어떤 색이 있나요?,COLORSIZE
이 바지는 사이즈 어떻게 되나요?,COLORSIZE
이 옷은 사이즈가 안 맞는데 다른 제품으로도 교환 가능한가요?,COLORSIZE
색은 어떤 걸로 추천해드릴까요?,COLORSIZE
이 연한 회색 가오리 코트는 어떠세요?,COLORSIZE
이 원피스는 한 가지 색깔밖에 없나요?,COLORSIZE
이 원피스 검은색으로 한 사이즈 작은 거 보여주세요,COLORSIZE
이 옷 색상은 요거뿐이에요?,COLORSIZE
요 핑크색 티도 이쁜데 얼마예요?,COLORSIZE
저 티는 색상이 요거뿐이에요?,COLORSIZE
패딩 색상은 요거 뿐이라예?,COLORSIZE
저 옷 색상은 저 색밖에 없나요?,COLORSIZE
이 옷 색상은 하나뿐인가요?,COLORSIZE
이 옷은 요기 있는 색상이 다예요?,COLORSIZE
가방 색상은 이것뿐이에요?,COLORSIZE
이 옷 색상은 하나 뿐인가요?,COLORSIZE
이 티는 사이즈가 프린가요?,COLORSIZE
이 코트 색상은 하나뿐이에요?,COLORSIZE
요 옷은 색상이 하나뿐이에요?,COLORSIZE
요 옷은 사이즈도 한 가지뿐이에요?,COLORSIZE
요 파란색 티는 얼마예요?,COLORSIZE
요 회색 티는 얼마예요?,COLORSIZE
요 미색 티도 가격이 비슷한가요?,COLORSIZE
이 옷 사이즈는 한 종류예요?,COLORSIZE
사이즈가 어떻게 되시나요?,COLORSIZE
이 검정색 목티는 얼마예요?,COLORSIZE
요런 핑크색 티는 얼마예요?,COLORSIZE
색상은 저 미색하고 외색만 있나요?,COLORSIZE
조끼 색상은 하나뿐인가요?,COLORSIZE
이 티는 다른 색상도 잇나요?,COLORSIZE
이 블라우스 다른 사이즈도 있나요?,COLORSIZE
요 미색 바지는 얼마예요?,COLORSIZE
이 옷 다른 색상은 있나요?,COLORSIZE
이 핑크색 조끼는 얼마예요?,COLORSIZE
조끼 색상은 요거 뿐이죠?,COLORSIZE
요런 핑크색 블라우스는 얼마예요?,COLORSIZE
이 블라우스 사이즈는 원사이즈예요?,COLORSIZE
티셔츠 색상은 하나뿐인가요?,COLORSIZE
이 옷 사이즈는 엠인가요?,COLORSIZE
이 핑크색 티셔츠는 얼마예요?,COLORSIZE
이런 초록색 같은 티 얼마예요?,COLORSIZE
이 티는 원사이즈에요?,COLORSIZE
자주색 티셔츠는 얼마나 해요?,COLORSIZE
이 티는 색상이 하나뿐인가요?,COLORSIZE
이 보라색 티는 얼마예요?,COLORSIZE
이 티는 두 가지 색상만 있나요?,COLORSIZE
이 옷은 원사이즈인가요?,COLORSIZE
이 옷 색상은 한 가지뿐인가요?,COLORSIZE
이 제품 검정색 없어요?,COLORSIZE
이 아이보리색 제품은 얼마예요?,COLORSIZE
이 제품 다른 색상은 없나요?,COLORSIZE
이 제품 색상은 더 없어요?,COLORSIZE
이 제품은 어떤 색이 잘 나가요?,COLORSIZE
무슨 색깔 좋아하세요?,COLORSIZE
검정색 티 얼마에요?,COLORSIZE
이 티는 원사이즈인가요?,COLORSIZE
핑크색 제품으로 드릴까요?,COLORSIZE
저 옷 디자인은 한 가지만 있네요. 분홍색 없어요?,COLORSIZE
이 옷 사이즈는 프리사이즈죠?,COLORSIZE
요 회색 옷은 사이즈가 어때예?,COLORSIZE
이 검은색 옷도 프리사이즈인가요?,COLORSIZE
이 회색 옷 가격은 어떻게 해예?,COLORSIZE
이 아이보리색 옷은 사이즈가 어뜨케돼예?,COLORSIZE
연두색도 아이고 니트 이거는 뭐라해야되노 녹색이예요?,COLORSIZE
이 제품 곤색이 있나요?,COLORSIZE
고객님 사이즈가 어떻게 되세요?,COLORSIZE
이 옷 사이즈가 _이고 얼마예요?,COLORSIZE
보통 붉은 색보다 저런 색상이 점잖아보이네요?,COLORSIZE
색깔 찐한 건 이 제품이네요?,COLORSIZE
이 검은색 제품은 얼마예요?,COLORSIZE
앞에 요 하늘색 니트 사이즈가 저힌테 클까요?,COLORSIZE
이 제품 육육이 제일 큰 사이즌가요?,COLORSIZE
이 제품 좀 큰 사이즈는 없어요?,COLORSIZE
그럼 요 제품도 사이즈가 작나요?,COLORSIZE
이 제품은 사이즈가 큰데 저 제품만 사이즈가 작네요?,COLORSIZE
나중에 요 제품 큰 사이즈 재입고 되나요?,COLORSIZE
저 곤색 옷은 얼마예요?,COLORSIZE
이 옷보다 짙은 색 옷은 없죠?,COLORSIZE
어떤 옷이 사이즈 남았나요?,COLORSIZE
그 제품 사이즈가 어떻게 되나요?,COLORSIZE
조 미색 조끼는 얼마예요?,COLORSIZE
연두색 요 니트는 얼마예요?,COLORSIZE
사이즈 얼마 입으세요?,COLORSIZE
검은색 청바지도 삼만원인가요?,COLORSIZE
사이즈가 _이에요?,COLORSIZE
이 제품은 사이즈가 어떻게 되나요?,COLORSIZE
회색 이 제품은 얼마예요?,COLORSIZE
저쪽 까만 코트는 다른 사이즈가 있나요?,COLORSIZE
아주 큰 빅사이즈 제품 있나요?,COLORSIZE
이 잠바 검은색으로는 있어요?,COLORSIZE
이 옷은 저 옷이랑 같은 색이네요?,COLORSIZE
요 미색 옷은 더 뚱뚱하게 보이지 않을까요?,COLORSIZE
검은색 옷은 얼마예요?,COLORSIZE
어떤 색상이 잘나가요?,COLORSIZE
회색 옷은 얼마예요?,COLORSIZE
이 옷은 제가 몇 사이즈 입어야 할까요?,COLORSIZE
이 옷 예쁜데 큰 사이즈 없나요?,COLORSIZE
이 황토색 옷도 캐시미어인가요?,COLORSIZE
이 제품은 회색하고 베이지색 중에 어떤 게 잘 나가요?,COLORSIZE
곤색 옷이랑 이 제품이랑 다르죠?,COLORSIZE
요 남성용 카키색 옷은 얼마예요?,COLORSIZE
곤색 옷은 얼마예요?,COLORSIZE
이 제품 색상은 하나뿐인가요?,COLORSIZE
요 보라색 옷은 얼마예요?,COLORSIZE
요런 회색옷은 얼마예요?,COLORSIZE
빅사이즈 옷 있어요?,COLORSIZE
시어머니 사이즈가 99 되세요?,COLORSIZE
이 까만옷 사이즈가 뭐예요?,COLORSIZE
베이지색 옷은 얼마예요?,COLORSIZE
까만색 옷이 많이 나가죠?,COLORSIZE
혹시 빅사이즈 있어요?,COLORSIZE
이 옷 사이즈가 뭐예요?,COLORSIZE
큰 사이즈 필요하세요?,COLORSIZE
큰 사이즈 옷이 별로 없네요,COLORSIZE
요 카키색 코트는 얼마예요?,COLORSIZE
요런 마이도 큰 사이즈 없나요?,COLORSIZE
저 옷은 사이즈 맞겠죠?,COLORSIZE
요 밤색옷은 얼마예요?,COLORSIZE
시어머니께 이 조끼 사이즈가 맞을까요?,COLORSIZE
이 회색조끼는 얼마예요?,COLORSIZE
이 옷 검은색인가요?,COLORSIZE
이 동네에는 빅사이즈 전문점이 없어요?,COLORSIZE
사이즈가 어떻게 되세요?,COLORSIZE
그 사이즈는 남성용밖에 없는데 괜찮으신가요?,COLORSIZE
여자 옷으로는 큰 사이즈가 없죠?,COLORSIZE
요 와인색 옷은 얼마예요?,COLORSIZE
여자 옷으로는 이쁘고 큰 사이즈가 없죠?,COLORSIZE
이런 옷은 큰사이즈가 없죠?,COLORSIZE
시어머니 입으실 빅사이즈 없나요?,COLORSIZE
105가 가장 큰 사이즈인가요?,COLORSIZE
105 중에서도 큰 사이즈가 있나요?,COLORSIZE
아까 옷보다 이 긴 옷이 더 사이즈가 클까요?,COLORSIZE
이 긴 회색 조끼도 세일해요?,COLORSIZE
이 까만색 옷은 얼마예요?,COLORSIZE
빨간색 옷은 얼마예요?,COLORSIZE
조끼 큰 사이즈는 없네요?,COLORSIZE
이 옷은 100사이즈에요?,COLORSIZE
고런 보라색 잠바는 얼마씩 해요?,COLORSIZE
이 옷 사이즈가 저한테 작을까요?,COLORSIZE
네이비 코트는 잘나가요?,COLORSIZE
요런 옷으로 큰 사이즈 있나요?,COLORSIZE
이 카키색 잘 나가나요?,COLORSIZE
이 옷 큰사이즈 있어요?,COLORSIZE
이 옷 99넘는 사이즈 있나요?,COLORSIZE
큰 사이즈 바지 있어요?,COLORSIZE
99사이즈 보다 더 큰 사이즈 바지는 없어요?,COLORSIZE
이 색깔 옷은 큰 사이즈 없죠?,COLORSIZE
이 바지 큰 사이즈 없죠?,COLORSIZE
좀 이쁜 옷은 큰 사이즈가 없네요?,COLORSIZE
사이즈 99 이상 짜리 옷 찾으세요?,COLORSIZE
좀 큰 사이즈 맞춤도 되나요?,COLORSIZE
이 옷은 쥐색이네요?,COLORSIZE
연한 회색이 잘나가요 이 색상이 잘나가요?,COLORSIZE
큰 사이즈 옷 있어요?,COLORSIZE
이 옷은 사이즈가 맞을까요?,COLORSIZE
줄무늬 분홍색하고 아까 주황색하고 뭐가 더 잘나가요?,COLORSIZE
여기 있는 옷들도 다 큰 치수죠?,COLORSIZE
이 바지는 큰 치수가 나와요?,COLORSIZE
이 바지 큰 치수 몇 까지 나와요?,COLORSIZE
예쁜데 큰 사이즈 옷은 없네요?,COLORSIZE
여기 있는 옷들은 사이즈가 다 작네요?,COLORSIZE
요 회색 자켓은 얼마예요?,COLORSIZE
사이즈는 어떤 거 찾으세요?,COLORSIZE
어떤 색상 찾으세요?,COLORSIZE
색상이 어둡네요?,COLORSIZE
밝은 색은 나오지 않나요?,COLORSIZE
구입 후 사이즈 교환은 가능한가요?,COLORSIZE
이 옷 큰 사이즈도 있어요?,COLORSIZE
사이즈가 88이상이세요?,COLORSIZE
이게 전부 천연역색 제품인가요?,COLORSIZE
이 옷들 사이즈가 다 어때요?,COLORSIZE
천연염색은 감물말고 뭘로 염색해요?,COLORSIZE
양파로 염색하면 냄새나는 거 아니에요?,COLORSIZE
사이즈 77이신가요?,COLORSIZE
이 옷은 88사이즈인가요?,COLORSIZE
이 66사이즈는 저한테 클 것 같은데요?,COLORSIZE
이 제품 저한테 맞는 사이즈 있을까요?,COLORSIZE
옷들 색상이 다양하네요?,COLORSIZE
이 옷이 파란색이에요?,COLORSIZE
이 색보단 저 색이 낫지 않아요?,COLORSIZE
이 옷은 다른 색상 있어요?,COLORSIZE
블랙은 양쪽 다 어울리긴 하네요?,COLORSIZE
이 조끼는 베이지 색상밖에 없어요?,COLORSIZE
지금 이 옷 남아있는 사이즈가 별로 없나요?,COLORSIZE
패딩조끼 이 색깔밖에 없나요?,COLORSIZE
이 제품 살구색인가요?,COLORSIZE
요 제품은 색깔이 뭐예요?,COLORSIZE
66사이즈면 저한테 맞을까요?,COLORSIZE
이 옷 그레이색깔은 어딨어요?,COLORSIZE
이 옷 66사이즈는 없는 거예요?,COLORSIZE
요 옷은 색상이 하나뿐인가요?,COLORSIZE
저 핑크색 패딩은 얼마예요?,COLORSIZE
다른색상 패딩은 없어요?,COLORSIZE
이 패딩 저한테 맞는 사이즈는 있어요?,COLORSIZE
이 옷은 남색이죠?,COLORSIZE
좀 젊어보이게 입으려면 어떤 색깔이 나아요?,COLORSIZE
이건 블랙도 아니고 챠콜?,COLORSIZE
이 옷 색상은 회색 하나인가요?,COLORSIZE
이 옷 사이즈는 어떻게 되나요?,COLORSIZE
이 옷은 사이즈가 어떻게 되나요?,COLORSIZE
55 사이즈는 저한테 작을까요?,COLORSIZE
원래 사이즈가 뭐세요?,COLORSIZE
요 진회색 제품이 뭐죠?,COLORSIZE
색깔은 요 하나뿐인가요?,COLORSIZE
이 옷 원사이즈예요?,COLORSIZE
이 옷 사이즈가 99 사이즈인가요?,COLORSIZE
요즘 유행하는 색깔이 뭐예요?,COLORSIZE
이거보다 한 사이즈 더 큰 걸로 주세요,COLORSIZE
사이즈가 66 맞아요?,COLORSIZE
사이즈 55 맞나요?,COLORSIZE
사이즈 77 이네요?,COLORSIZE
사이즈 S 네요?,COLORSIZE
이거 말고 다른 사이즈로 입어볼게요,COLORSIZE
이거보다 한 사이즈 작은 걸로 입어볼게요,COLORSIZE
이거보다 한 사이즈 큰 걸로 입어볼게요,COLORSIZE
다른 매장에 S 사이즈 있는지 확인해주실 수 있나요?,COLORSIZE
다른 매장에 사이즈 있는지 좀 봐주시면 안 될까요?,COLORSIZE
흰색 티셔츠에 얼룩이 있는데 이런 걸 판매하시면 어떡해요?,COLORSIZE
색깔이 맘에 안 들어서 반품하고 싶은데요,COLORSIZE
노란색이 더 맘에 들어서요 교환 좀 해주시겠어요?,COLORSIZE
이런 거는 사이즈가 어떻게 돼요?,KINDSIZE
66도 있어요?,KINDSIZE
티는 여기 있는 게 다예요?,KINDSIZE
이게 숫자 적힌 게 사이즈입니까?,KINDSIZE
제 사이즈는 얼만데요?,KINDSIZE
면바지 종류는 있어요?,KINDSIZE
라지라면 사이즈 얼마?,KINDSIZE
조끼 한 번 입어봐도 돼요?,KINDSIZE
패딩조끼 오래 입으려면 드라이 맡기는 게 좋죠?,KINDSIZE
블라우스는 없나요?,KINDSIZE
이런 거는 사이즈가?,KINDSIZE
남방 종류는 없어요?,KINDSIZE
여기는 다 프리사이즈예요?,KINDSIZE
원피스는 어떤 게 예뻐요?,KINDSIZE
코트는 얼마나 해요?,KINDSIZE
이런 블라우스는 얼마예요?,KINDSIZE
원피스 종류도 있어요?,KINDSIZE
이 검은 조끼를 입으려면 안에 뭐를 입으면 좋을까요?,KINDSIZE
티보다는 칼라 있는 게 어울릴까요?,KINDSIZE
조끼에다가 바지만 입으셔도 예쁜데 한 번 입어보시겠어요?,KINDSIZE
이거 사이즈 다 한 개예요?,KINDSIZE
남방 같은 거 어떠세요?,KINDSIZE
이런 바지 없나요?,KINDSIZE
이런 남방은 얼마예요?,KINDSIZE
남방 컬러 종류는 어떤 게 있나요?,KINDSIZE
이거는 사이즈는 한 가지입니까?,KINDSIZE
이런 흰 면바지는 얼마예요?,KINDSIZE
손님 66 입으세요? 55 입으세요?,KINDSIZE
어떤 사이즈가 맞을까요?,KINDSIZE
신발 35사이즈 신으세요?,KINDSIZE
니트 3만 8천 원이면 여기서 10% dc 된다 그죠?,KINDSIZE
이런 종류 좋아하는데 어떤 게 잘 나가요?,KINDSIZE
티 중에 저한테 어울릴 거 추천 좀 해주세요,KINDSIZE
저 목티는 코랄 색인가요?,KINDSIZE
조금 작아 보이네요 다른 사이즈 있나요?,KINDSIZE
목티 좀 두꺼운 거 젊은 스타일 없어요?,KINDSIZE
티 종류 조금 얇은 거 있나요?,KINDSIZE
반팔 티 찾으시는 건가요?,KINDSIZE
이 티셔츠는 어떤 바지랑 어울려요?,KINDSIZE
티셔츠는 못 입어보죠?,KINDSIZE
이 마이는 이 색상 하나뿐이죠?,KINDSIZE
사이즈는 원 사이즈죠?,KINDSIZE
사이즈도 원 사이즈죠?,KINDSIZE
티 얼마예요?,KINDSIZE
흰 조끼 저거는 얼마예요?,KINDSIZE
티 종류는 이쪽에 있는 거예요?,KINDSIZE
이게 사이즈가 다 작죠?,KINDSIZE
사이즈가 한 종류예요?,KINDSIZE
하늘하늘한 원피스 나왔어요?,KINDSIZE
원 사이즈로 나오죠?,KINDSIZE
이거 초록색 티 얼마 해요?,KINDSIZE
조끼 종류는 어떤 게 있어요?,KINDSIZE
바지가 얼마예요?,KINDSIZE
이 바지도 가격이 똑같아요?,KINDSIZE
이거 검은 티 얼마예요?,KINDSIZE
티셔츠 종류 여기 있는 게 다죠?,KINDSIZE
사이즈가 작은 것 같은데,KINDSIZE
얇은 티는 아직 안 나왔나요?,KINDSIZE
사이즈 몇 짜리 보시는데요?,KINDSIZE
사이즈 작으면 바꾸러 와도 되나요?,KINDSIZE
저 핑크색 원피스 실내복은 얼마예요?,KINDSIZE
내의 105 사이즈는 안 나와예?,KINDSIZE
요거는 엑스라지 없어요?,KINDSIZE
색상도 한 종류밖에 없죠?,KINDSIZE
티셔츠 조금 얇은 거는 어디에 있어요?,KINDSIZE
아이보리색 티는 얼마예요?,KINDSIZE
쫄바지 고무 바지로 된 거는 있어예?,KINDSIZE
이 바지는 얼마예요?,KINDSIZE
여고생이 입을 수 있는 면 티셔츠 종류 있어요?,KINDSIZE
사이즈가 어떻게 나와요 95 90 이렇게 나와요?,KINDSIZE
롱 원피스 여기에 있는 거 다 맞죠?,KINDSIZE
카디건이랑 입는 게 낫다 그죠?,KINDSIZE
이 안에 바지도 입을 수 있죠?,KINDSIZE
남자들 거 트렌치코트 종류 있어요?,KINDSIZE
원피스 종류 있어요?,KINDSIZE
이거 밑에는 청바지 같은 거 입어도 되고 롱치마 입어도 되겠죠?,KINDSIZE
이거 원피스인가요?,KINDSIZE
안에 청바지도 입어도 되고요?,KINDSIZE
분홍색 티셔츠는 지금 얼마예요?,KINDSIZE
티셔츠는 못 입어 보죠?,KINDSIZE
저거는 면 종류인가 봐요?,KINDSIZE
저 재킷 이쁜데 어떠세요?,KINDSIZE
이거는 사이즈가 어떻게 돼요?,KINDSIZE
이 카디건은 어떻게 해요?,KINDSIZE
니트 원피스 사이즈가 어떻게 돼요?,KINDSIZE
밑에는 레깅스나,KINDSIZE
이거 코트는 모 직포?,KINDSIZE
부츠컷 바지 같은 경우에는 가격이 얼마 정도 해요?,KINDSIZE
사이즈가 어떻게 돼요?,KINDSIZE
이거는 원피스예요?,KINDSIZE
빨간 원피스 이런 거는 얼마 해요?,KINDSIZE
여기는 제일 작은 사이즈가?,KINDSIZE
꽃무늬 잠바는 얼마씩 한대요?,KINDSIZE
수면 잠옷 같은 건 없나요?,KINDSIZE
바지만 사면 얼마예요?,KINDSIZE
수면 바지는 사이즈 없나요?,KINDSIZE
스카프는 얼마씩 해요?,KINDSIZE
이 정장 사이즈 어떻게 되나요?,KINDSIZE
손님 사이즈가 어떻게 되세요?,KINDSIZE
화려한 정장이 필요해가,KINDSIZE
저거하고 이 바지랑 비슷한 거예요?,KINDSIZE
바지도 약간 나팔이다 그죠?,KINDSIZE
이거는 더블 재킷이죠?,KINDSIZE
빨간 코트 이거 재질이 뭐예요?,KINDSIZE
하얀 점퍼 봄에 입어도 되겠다 그러지 예?,KINDSIZE
패딩 안에 솜이에요?,KINDSIZE
밑에 레깅스 입고 이거 입고?,KINDSIZE
블라우스 찾아요,KINDSIZE
이거 사이즈 큰 거는 없나요?,KINDSIZE
인디언 핑크와 조끼 한 번 입어보세요,KINDSIZE
몇 사이즈 입으시는데요?,KINDSIZE
66 있죠?,KINDSIZE
77로 한 번 입어볼게요,KINDSIZE
원피스죠 투피스인가요?,KINDSIZE
위에 마이 하나 걸치고 입으면 예쁘겠죠?,KINDSIZE
원피스 좀 저렴한 거 없어요?,KINDSIZE
사이즈가 몇 이예요??,KINDSIZE
까만색 버클 달린 거는 얼마고 체크 원피스 얼마예요 가격이?,KINDSIZE
이거 스웨터는 얼마해요?,KINDSIZE
이거는 조끼잖아?,KINDSIZE
조끼 되게 비싸네,KINDSIZE
조끼랑 세트로 파는 거예요?,KINDSIZE
조끼도 사이즈가 있나요?,KINDSIZE
요거 사이즈가 어떻게 돼요?,KINDSIZE
요 사이즈밖에 없어요?,KINDSIZE
이게 원피스인가요?,KINDSIZE
조끼 원피스 같은 그런 건가 봐요?,KINDSIZE
사이즈 프리예요?,KINDSIZE
이 면 티는 얼마인데요?,KINDSIZE
이건 사이즈 몇 가지 있어요?,KINDSIZE
이거는 남방이에요?,KINDSIZE
이건 사이즈가 없나요?,KINDSIZE
이게 사이즈가 있어요?,KINDSIZE
면 티는 얼마씩 해요?,KINDSIZE
이거는 사이즈가 따로 안 나오겠는데요?,KINDSIZE
이건 패딩이예요?,KINDSIZE
되게 커 보이는데요 사이즈가 뭐예요?,KINDSIZE
그 남방은 얼마예요?,KINDSIZE
그거는 원피스 아니에요?,KINDSIZE
남방은 면 종류인가 봐요?,KINDSIZE
이거 조끼하고 바지는 한 벌이에요?,KINDSIZE
이런 조끼 말고 안에는 뭐 입어야 되겠어요?,KINDSIZE
이 조끼가 겨울용으로 나온 거예요?,KINDSIZE
바지는 얼마인데요?,KINDSIZE
코트에 그림도 손으로 직접 그린 건가요? 프린트한 건가요?,KINDSIZE
이게 파카 스타일인가요?,KINDSIZE
이 스웨터도 수입이에요?,KINDSIZE
이 스웨터는 얼마 하는데요?,KINDSIZE
스웨터 천이 앙고라예요?,KINDSIZE
이것도 사이즈가 있나요?,KINDSIZE
이거는 사이즈가 몇 인데요?,KINDSIZE
꽃무늬 원피스는 벌써 나왔어요?,KINDSIZE
이거 사이즈가 있어요?,KINDSIZE
이거는 프리사이즈로 나오는 거죠?,KINDSIZE
안에 속치마는 다 있죠?,KINDSIZE
이거 모직 코트예요?,KINDSIZE
사이즈가 어떻게 되는데요?,KINDSIZE
이 모직 코트는 지금 입을라 카면 조금 춥겠는데요?,KINDSIZE
이거는 앙고라 치마예요?,KINDSIZE
사이즈는?,KINDSIZE
이거 치마 이거 입고 신발은 뭐 신어야 되나?,KINDSIZE
남자애들 흰색 회색 검정으로 맨투맨이나 후드티 좋아하거든요?,KINDSIZE
이 티도 남자 거야?,KINDSIZE
사이즈는 프리사이즈로 나오는 거예요?,KINDSIZE
남자애들 입을 만한 잠바 스타일이나 이런 코트 스타일,KINDSIZE
이거는 잠바로 들어가요 돋바로 들어가요?,KINDSIZE
후드 돋바인가?,KINDSIZE
사이즈는 한 사이즈 밖에 안 나와예?,KINDSIZE
이거 패딩이잖아? 그죠?,KINDSIZE
패딩인데 안에 털 있고?,KINDSIZE
사이즈는 얼마 입으시는데요?,KINDSIZE
이건 사이즈가 어떻게 돼요?,KINDSIZE
이건 사이즈가 있나요?,KINDSIZE
저거는 스웨터식으로 나온 거예요?,KINDSIZE
레깅스 뒤에 한 번 볼 수 있어요? 어떤 식으로 돼있는지?,KINDSIZE
꽃무늬 원피스 있어요?,KINDSIZE
사이즈는 얼마 보시는데요?,KINDSIZE
내복은 105 사이즈 자체가 안 나와요?,KINDSIZE
실내복 좀 따뜻한 걸로 다른 거는 없어요?,KINDSIZE
핑크색 실내복 저거는 얼마예요?,KINDSIZE
원피스 종류인거죠?,KINDSIZE
사이즈는 몇이에요?,KINDSIZE
실내복이에요?,KINDSIZE
음 실내복 이런 건 한 벌에 얼마씩 해요?,KINDSIZE
코트 얇은 거 찾으세요?,KINDSIZE
사이즈는 55네요?,KINDSIZE
니트 이것도 핑크색 밖에 없어요?,KINDSIZE
이거는 운동복이에요?,KINDSIZE
이런 바지는 얼마인가요?,KINDSIZE
티셔츠 종류는 뭐가 있나요?,KINDSIZE
원피스 종류는 어떤 게 있나요?,KINDSIZE
사이즈는 얼마에요?,KINDSIZE
남방 종류는 다른 거는 없나요?,KINDSIZE
봄 조끼 종류는 어디 있어요?,KINDSIZE
검은조끼는 얼마에요?,KINDSIZE
여기 앞에 베이지색 니트 원피스 이거는 울인가요?,KINDSIZE
티셔츠 좀 보려구요,KINDSIZE
아이보리 니트 이거는 길이가 어느 정도 돼요?,KINDSIZE
긴 티를 찾으세요?,KINDSIZE
위에는 오오사이즈 입어요,KINDSIZE
밑에 청바지 같은 거 입고 입으면 되겠죠?,KINDSIZE
롱스커트하고 입어도 괜찮죠?,KINDSIZE
스커트 어떤 건데요 체크?,KINDSIZE
이게 프리 사이즈인가요?,KINDSIZE
약간 정장스타일이네요 그죠?,KINDSIZE
코트 말씀이신가요?,KINDSIZE
이 트렌치코트 봄신상이에요?,KINDSIZE
사이즈 백 하시면 돼요?,KINDSIZE
남자들 봄 코트 좀 볼 수 있을까요?,KINDSIZE
백사이즈 한번 줘보세요,KINDSIZE
이게 조금 더 정장스러운 데 어떠세요?,KINDSIZE
이 가디건 이거는 앙고라 섞인 거에요?,KINDSIZE
프리사이즈다 그죠?,KINDSIZE
이거는 원피스 형으로 나온 거에요?,KINDSIZE
청바지랑 같이 입어도 되겠다 그죠?,KINDSIZE
남방스타일이다 그죠?,KINDSIZE
여기 여학생 티셔츠 맞아요?,KINDSIZE
청바지에요 이거는 가격이 어떻게 해요?,KINDSIZE
할아버지들 입는 잠바 보려고 하는데요,KINDSIZE
그러면 소재가 패딩이에요?,KINDSIZE
엄마들 입는 잠바 보려는데요,KINDSIZE
저런 티셔츠는 얼마에요?,KINDSIZE
바지 같은 거는 어떤 거 있어요?,KINDSIZE
이 코트 사이즈가 어떻게 돼요?,KINDSIZE
어떤 거요 앞에 노란코트요?,KINDSIZE
니트 종류는 뭐 있어요?,KINDSIZE
니트는 저 앞 쪽에 있어요 겨울꺼 보시는 거에요?,KINDSIZE
목 폴라티 같은 거 있어요?,KINDSIZE
지금 세일하는 것들 얼마 안남았어요 달라붙는 티를 찾으세요?,KINDSIZE
코트는 얼마에요?,KINDSIZE
코트 이런 것들은 가격이 얼마에요?,KINDSIZE
모직 코트는 어디 있어요?,KINDSIZE
모직 코트요?,KINDSIZE
모직 코트 있어요?,KINDSIZE
아 핸드메이드 종류는 없어요?,KINDSIZE
목티같은 거는?,KINDSIZE
이거 사이즈 좀 안될 거 같다 내가 보니,KINDSIZE
소매 없는 이런 코트는 어떻게 해요?,KINDSIZE
이런 목티는 얼마씩 해요?,KINDSIZE
폴라티인데 좀 두꺼운 폴라티 있나요?,KINDSIZE
사이즈는 넉넉하죠?,KINDSIZE
면티같은 거 이런 거는 가격은 어떻게 돼요?,KINDSIZE
티셔츠에 프릴 달린 거는 뭐랑 입으면 돼요?,KINDSIZE
이런 블라우스 종류 아니면 이런 남방 종류도 잘 나갑니다 어떠세요?,KINDSIZE
사이즈 뭐 필요하신데요?,KINDSIZE
그러면 엠사이즈로 세 장 주세요,KINDSIZE
이 후드티 프린트된 거 말고 있나요?,KINDSIZE
이 후드티는 얼마에요? 이거는 정가예요?,KINDSIZE
후드 말고는 없나요?,KINDSIZE
이런 조끼는 안에 뭐 들었어요?,KINDSIZE
이렇게 치마같이 나온 거는 뭐예요?,KINDSIZE
그러면 바지 종류는 뭐 있어요?,KINDSIZE
이런 건 면바지네요?,KINDSIZE
사계절 모자는 없나요?,KINDSIZE
모자는 가격이 어느 정도 하나요?,KINDSIZE
정장 바지인데요 혹시 기모 들어가 있는 거 있어요?,KINDSIZE
이 사이즈는 얼마 정도 하는데요?,KINDSIZE
이 코트는 사이즈가 어떻게 돼요?,KINDSIZE
제가 신은 이런 양말은 없나요?,KINDSIZE
수면양말 긴 거는 없어요?,KINDSIZE
사이즈는 어떻게 되시는데요?,KINDSIZE
바지는 어떤 거 있어요?,KINDSIZE
허리 사이즈가 어떻게 되는데요?,KINDSIZE
이거 쓰리 엑스라지에요?,KINDSIZE
이거 겨울 바지예요?,KINDSIZE
이런 바지는 저한테 사이즈가 몇이면 돼요?,KINDSIZE
이 티셔츠는 뭔데 두 장에 만 원이에요?,KINDSIZE
이 니트 원피스는 얼마에요?,KINDSIZE
몸뻬 바지 저런 거는 어떻게 해요?,KINDSIZE
지금 입기 좋은 통바지 같은 거는 없어요?,KINDSIZE
이 티셔츠는 프리에요?,KINDSIZE
이 조끼는 얼마예요?,KINDSIZE
이 코트는 얼마예요?,KINDSIZE
사이즈는 어떻게 돼요?,KINDSIZE
이런 거는 사이즈가 프리에요?,KINDSIZE
이거 사이즈 큰 거 없어요?,KINDSIZE
사이즈 삼십팔이 입을만한 옷은 뭐가 있어요?,KINDSIZE
따뜻하게 신을 수 있는 양말 없을까요?,KINDSIZE
수면양말 이건 얼마예요?,KINDSIZE
원하시는 사이즈는요?,KINDSIZE
사이즈는 백오 있나요?,KINDSIZE
머플러 이거는 소재가 뭐에요?,KINDSIZE
이게 색깔 종류가?,KINDSIZE
혹시 이 옷 다른 사이즈가 있을까요?,KINDSIZE
혹시 검은 스키니 바지 있나요?,KINDSIZE
이 바지 얼마인가요?,KINDSIZE
요즘 입을 만한 블라우스 추천 좀 해주세요,KINDSIZE
혹시 사이즈가 어떻게 되나요,KINDSIZE
죄송하지만 다른 사이즈로 입어보고 싶은데요.,KINDSIZE
바지가 좀 길어서 그런데 여기서 수선도 맡겨주시나요?,KINDSIZE
그러면 이 네이비 제품 주시고 바지기장도 좀 줄여주세요.,KINDSIZE
이 후드티 사이즈 90이 있나요?,KINDSIZE
청바지를 좀 사고 싶은데 추천해주실 수 있나요?,KINDSIZE
이 티 색상이 어떻게 나와요?,KINDSIZE
이 원피스 S 사이즈 있나요?,KINDSIZE
혹시 이 원피스에 어울릴만한 스카프도 있을까요?,KINDSIZE
이 스카프 다른 색상은 어떤게 있나요?,KINDSIZE
이 원피스는 어떠세요?,KINDSIZE
사이즈가 어떻게 되나요?,KINDSIZE
반팔 티셔츠 어디있나요?,KINDSIZE
남자 반팔 티셔츠가 있는 곳으로 데려다 주시겠어요?,KINDSIZE
알겠습니다. 후드 티는 어디 있나요?,KINDSIZE
이 후드 티 다른 치수 있나요?,KINDSIZE
이 원피스 얼마에요?,KINDSIZE
이거 55사이즈 있나요?,KINDSIZE
이거 55 있어요?,KINDSIZE
그럼 이런 정장 스타일로 입어보시겠어요?,KINDSIZE
후드 티를 사고 싶은데 옷 있나요?,KINDSIZE
큰 사이즈도 있나요?,KINDSIZE
88사이즈로 하나 갖다 주세요.,KINDSIZE
코트 좀 보러 왔는데요,KINDSIZE
특별히 찾으시는 종류 있으신가요?,KINDSIZE
학생들 교복 속에 입는 하얀티 있나요?,KINDSIZE
네 90사이즈로  5개 주세요,KINDSIZE
혹시 더 큰 사이즈도 있나요?,KINDSIZE
이 원피스 사이즈 있을까요?,KINDSIZE
네 사이즈 말씀해주세요,KINDSIZE
저 회사 면접 때문에 정장 보러 왔습니다,KINDSIZE
요즘 면접용 정장이 새로 나왔는데 보여드릴까요?,KINDSIZE
네 됩니다 사이즈는 어떻게 입으시나요?,KINDSIZE
혹시 후드 티 있나요?,KINDSIZE
이 옷 100사이즈 있나요?,KINDSIZE
청바지 사러 왔습니다,KINDSIZE
31 정도 되는데 31은 없죠?,KINDSIZE
그럼 입어보게 31로 가져다주세요,KINDSIZE
바람막이 점퍼 있나요?,KINDSIZE
노란색으로 95 사이즈 있나요?,KINDSIZE
점퍼에 어울리는 모자 있나요?,KINDSIZE
이 모자는 어떠세요?,KINDSIZE
이 패딩은 가격이 얼마인가요?,KINDSIZE
사이즈는 괜찮으신가요?,KINDSIZE
이 후드티 사이즈 더 있나요?,KINDSIZE
어떤 사이즈 원하세요?,KINDSIZE
이 맨투맨은 어떠세요?,KINDSIZE
이거는 xl 사이즈 있나요?,KINDSIZE
트레이닝 바지 좀 보려는데요,KINDSIZE
괜찮아 보이는데 라지 사이즈도 있나요?,KINDSIZE
셔츠 종류 있나요?,KINDSIZE
하늘색  스트라이프 셔츠도 있나요?,KINDSIZE
제일 큰 사이즈는 어떤 게 있나요?,KINDSIZE
양복 맞추려고 하는데요,KINDSIZE
그래요? 치수 좀 잴게요,KINDSIZE
조끼도 하실 거죠?,KINDSIZE
사이즈는 어떻게 되시죠?,KINDSIZE
아 그럼 정장 처음 맞춰보시나요?,KINDSIZE
이 티셔츠 라지 사이즈 있나요?,KINDSIZE
바지 좀 사고 싶은데요,KINDSIZE
캐주얼하게 입을 바지가 있나요?,KINDSIZE
28사이즈로 입어볼 수 있을까요?,KINDSIZE
이 바지는 얼마인가요?,KINDSIZE
남성 정장을 구입하려는데요,KINDSIZE
그럼 슬림 핏으로 된 정장을 보여드릴까요?,KINDSIZE
사이즈는 상의 95 하의는 30으로 상품 포장 부탁드립니다,KINDSIZE
원피스 종류도 있나요?,KINDSIZE
원피스 중에 잘 나가는 제품 하나만 추천해주세요,KINDSIZE
사이즈가 따로 있나요?,KINDSIZE
롱패딩 있나요?,KINDSIZE
이 옷 55사이즈 있나요?,KINDSIZE
55사이즈 맞으실까요?,KINDSIZE
맨투맨은 어느 쪽에 있어요?,KINDSIZE
맨투맨에 프린트되어있는 디자인은 이게 전부인가요?,KINDSIZE
이 맨투맨은 컬러가 이렇게 3가지인가요?,KINDSIZE
이 목도리랑 같이 계산해주세요,KINDSIZE
브이넥 니트 할인되는 건 여기 있는 게 다인 가요?,KINDSIZE
사이즈는 어떻게 되나요?,KINDSIZE
이런 종류 옷은 얼마 정도 하나요?,KINDSIZE
이 옷으로 저한테 맞는 사이즈 갖다 주실 수 있나요?,KINDSIZE
여기 혹시 성인 남자 바지도 판매하나요?,KINDSIZE
따뜻하게 입을만한 바지 추천해주시겠어요?,KINDSIZE
네이비 색상 100사이즈 있나요?,KINDSIZE
그럼 이 셔츠 xl 사이즈 있나요?,KINDSIZE
사이즈가 좀 커 보이지 않나요?,KINDSIZE
그럼 이 셔츠 L 사이즈로 계산해주세요,KINDSIZE
검은색 코트를 찾고 있는데요,KINDSIZE
아 제가 찾고 있는 게 양복에 잘 어울릴만한 깔끔한 스타일인 데 있을까요?,KINDSIZE
저희가 3가지 종류가 들어왔는데 한번 보시겠어요?,KINDSIZE
아 그리고 슬랙스는 어느 쪽에 있나요?,KINDSIZE
사이즈가 어떻게 되죠?,KINDSIZE
한 치수 큰 걸로 드릴까요?,KINDSIZE
이 블라우스는 무슨 무슨 색 있나요?,KINDSIZE
사이즈는요?,KINDSIZE
하얀색 66 입어볼 수 있나요?,KINDSIZE
어울릴만한 치마도 하나 추천해주세요,KINDSIZE
이 카디건은 얼마인가요?,KINDSIZE
이 바지는요?,KINDSIZE
저에게 어울리는 청바지를 찾아주세요,KINDSIZE
어떤 스타일의 청바지를 원하세요?,KINDSIZE
그럼 이런 슬랙스 스타일의 청바지는 어떠세요?,KINDSIZE
조금 더 진한 색의 청바지 있을까요?,KINDSIZE
네 이 청바지 어떠세요?,KINDSIZE
이거 S 사이즈 있을까요?,KINDSIZE
블랙 색상 사이즈 100으로 입어봐도 될까요?,KINDSIZE
간절기용 티셔츠 좀 볼 수 있나요,KINDSIZE
이게 괜찮은데 105사이즈 있나요,KINDSIZE
같은 사이즈로 회색하고 갈색 두 종류를 보고 싶습니다,KINDSIZE
롱 원피스 종류 있어요?,KINDSIZE
티 좀 보려고 하는데요,KINDSIZE
이거 사이즈 M 있나요?,KINDSIZE
그냥 L 사이즈로 사겠습니다,KINDSIZE
이 옷은 사이즈가 어떻게 나와요?,KINDSIZE
라지 사이즈를 입어보고 싶은데 디피가 안 되어있습니다,KINDSIZE
그럼 새로 나온 이 니트는 어떠세요?,KINDSIZE
사이즈 안 맞으면 교환 가능한가요?,KINDSIZE
이 제품 M사이즈로 하나 주세요,KINDSIZE
그럼 하나 큰 사이즈로 주세요,KINDSIZE
여기요 이거 라지 있나요,KINDSIZE
여기 양말은 어디 있나요?,KINDSIZE
건강 발가락 양말도  저기 있나요?,KINDSIZE
선호하는 옷 종류가 따로 있으실까요?,KINDSIZE
그럼 이런 연한 핑크색의 등산복 종류가 어떠세요?,KINDSIZE
어머니 몸매가 이 정도 되시는데 사이즈가 어느 게 맞을까요?,KINDSIZE
원피스 있나요?,KINDSIZE
네 55사이즈로 보여드릴까요?,KINDSIZE
네 치마 길이 긴 디자인은 없나요?,KINDSIZE
이 바지 다른 사이즈 있나요?,KINDSIZE
네 어떤 사이즈로 보여드릴까요?,KINDSIZE
이 옷 사이즈 있나요?,KINDSIZE
이 원피스 66사이즈 있나요?,KINDSIZE
정 사이즈로 나온 옷인가요?,KINDSIZE
어떤 종류를 찾으시나요?,KINDSIZE
심플한 디자인의 원피스를 보고 있는데요?,KINDSIZE
사이즈는 어떻게 되어있나요?,KINDSIZE
이번 겨울 신상 코트는 어느 쪽에 있나요?,KINDSIZE
이 치마는 무슨 무슨 색 있어요?,KINDSIZE
사이즈는 어떻게 나오나요?,KINDSIZE
치마랑 어울릴 만한 니트 있나요?,KINDSIZE
이것도 66사이즈 있나요?,KINDSIZE
그럼 치마랑 니트 하나씩 구매할게요,KINDSIZE
이 니트 프리사이즈인가요?,KINDSIZE
혹시 미디엄 사이즈 있어요?,KINDSIZE
여성 청바지 종류 좀 보여주세요,KINDSIZE
일자바지면서 9부 바지 있나요?,KINDSIZE
이 바지는 할인되나요?,KINDSIZE
빅 사이즈 옷을 찾고 있는데 있을까요?,KINDSIZE
사이즈는 몇까지 나오나요?,KINDSIZE
그럼 이거 77사이즈로 새 제품으로 준비해줄 수 있을까요?,KINDSIZE
블라우스를 구매하고 싶은데요,KINDSIZE
이 블라우스는 다른 색상은 없나요?,KINDSIZE
분홍색 66사이즈 주시겠어요?,KINDSIZE
이번에 새로 나온 패딩이 어떤 건가요?,KINDSIZE
블랙 색상 110 사이즈 재고가 남아있나요?,KINDSIZE
그러면 110사이즈가 있는 색상은 어떤 건가요?,KINDSIZE
네이비 110사이즈 입어볼 수 있나요?,KINDSIZE
임신 중이라 넉넉한 사이즈를 찾고 있는데 어떤 스타일이 좋을까요?,KINDSIZE
네 고객님 임신 중이시면 넉넉한 사이즈로 나온 이 옷은 어떠세요?,KINDSIZE
치마 코너는 어디에 있나요?,KINDSIZE
사이즈 도와드릴까요?,KINDSIZE
66사이즈보다 한 사이즈 더 큰 사이즈 있나요?,KINDSIZE
롱패딩 보러 왔습니다,KINDSIZE
아직 추우니까 이 니트는 어떠세요?,KINDSIZE
어떤 사이즈 입으세요?,KINDSIZE
허리 사이즈가 어떻게 되세요?,KINDSIZE
블라우스는 어느 쪽에 있나요?,KINDSIZE
혹시 이 옷 다른 사이즈도 있나요?,KINDSIZE
그럼 노란색 M사이즈로 하나 가져다주세요,KINDSIZE
어제 오후에 여기서 블라우스랑 치마를 샀는데 블라우스를 환불하고 싶어서요,KINDSIZE
구입하신 블라우스 좀 보여주시겠어요?,KINDSIZE
남성 바지는 어느 쪽에 있나요?,KINDSIZE
이 바지 30 있나요?,KINDSIZE
30이 작네요 31 있을까요?,KINDSIZE
정장을 좀 구매하려고요,KINDSIZE
네 평소 사이즈가 어떻게 되시죠?,KINDSIZE
치마 정장이랑 바지 정장 중에 어떤 거로 보여드릴까요?,KINDSIZE
네 그리고 겉에 입을 코트도 추천해주세요,KINDSIZE
어머니 등산복으로 어떤 게 좋을까요??,KINDSIZE
이 옷 다른 사이즈도 볼 수 있을까요?,KINDSIZE
네 고객님 사이즈가 어떻게 되시나요?,KINDSIZE
레깅스 있나요?,KINDSIZE
이 원피스 사이즈 있나요?,KINDSIZE
55사이즈로 입어볼게요,KINDSIZE
네 고객님 몇 사이즈세요?,KINDSIZE
아 그러시면 한 사이즈 작은 거 드려볼까요?,KINDSIZE
겨울용 따뜻한 패딩을 찾고 있는데요,KINDSIZE
네 105 사이즈 한번 입어볼게요,KINDSIZE
와이셔츠 사려고 하는데 어디 있나요?,KINDSIZE
이 와이셔츠 105 사이즈 있나요?,KINDSIZE
와이셔츠랑 같이 재킷도 사려고 하는데 추천하시는 옷 있나요?,KINDSIZE
이 패딩 XL도 있나요?,KINDSIZE
보라색 니트 있나요?,KINDSIZE
라지 사이즈도 있나요?,KINDSIZE
정장하나 맞추려고 하는데 처음 맞추는 거라 저한테 어떤 색이 잘 어울릴까요?,KINDSIZE
이 원피스 사이즈 L 있나요?,KINDSIZE
그럼 M사이즈로 입어 볼 수 있나요?,KINDSIZE
이 원피스랑 어울리는 재킷도 사고 싶은데 뭐가 제일 잘나가요?,KINDSIZE
저 울 재킷은 여기 걸려있는 게 전부인가요?,KINDSIZE
아 혹시 울이 많이 들어간 재킷은 어떤 건가요?,KINDSIZE
울 80이 들어간 검은색 재킷이 있는 데 한번 착용해보시겠어요?,KINDSIZE
제가 색상 있는 재킷을 찾고 있어서 다른 재킷은 없나요?,KINDSIZE
그럼 울 함량이 조금 낮지만 3가지 색상이 있는 재킷이 있는데 이건 어떠신가요?,KINDSIZE
하늘색이 제일 깔끔한 데 사이즈는 Free인가요?,KINDSIZE
원피스를 찾고 있는데요,KINDSIZE
그럼 L 사이즈를 찾아주세요,KINDSIZE
사이즈가 없으면 어떻게 하나요?,KINDSIZE
청바지로 사려고 합니다,KINDSIZE
이거 바지 늘어나요?,KINDSIZE
사이즈가 안 맞으니 정리해주세요,KINDSIZE
패딩을 구매하고 싶은데 제일 잘나가는 상품은 뭔가요?,KINDSIZE
그럼 검은색 패딩 종류 좀 보여주실 수 있나요?,KINDSIZE
사이즈는 어떤 걸로 보여드릴까요?,KINDSIZE
이 패딩은 조금 크게 나온 편인데 한 치수 작은 건 어떠세요?,KINDSIZE
그럼 미디엄 사이즈인가요?,KINDSIZE
네 미디엄 사이즈로 보여주세요,KINDSIZE
이 재킷은 얼마인가요?,KINDSIZE
제일 큰 사이즈는 무엇인가요?,KINDSIZE
원피스 신상 나왔어요?,KINDSIZE
꽃무늬로 된 원피스 있나요?,KINDSIZE
이 원피스에 어울리는 카디건 있나요?,KINDSIZE
블라우스 좀 보려고 왔는데요,KINDSIZE
원피스는 어디에 있나요?,KINDSIZE
이 사이즈보다 한 치수 큰 거 있나요?,KINDSIZE
봄 신상품 카디건 있나요,KINDSIZE
겨울용 청바지 좀 보여주시겠어요?,KINDSIZE
여기 여름 원피스가 벌써 나왔네요?,KINDSIZE
그러시면 이 카디건은 어떠하실까요,KINDSIZE
이 카디건 금액은 얼마인가요,KINDSIZE
66사이즈로 예쁘게 포장해 주세요,KINDSIZE
요즘 잘 나가는 분홍색 이 셔츠는 어떠세요?,KINDSIZE
좋아요 큰 사이즈도 있나요?,KINDSIZE
얼마나 큰 사이즈를 찾으세요?,KINDSIZE
롱패딩 다 팔렸나요?,KINDSIZE
xl 사이즈 있나요?,KINDSIZE
이 바지 사이즈가 어떻게 되나요?,KINDSIZE
M사이즈는 몇 인치인가요?,KINDSIZE
바지 색상은 한 가지인가요?,KINDSIZE
블랙 색상 바지에 어울리는 티셔츠가 있나요?,KINDSIZE
셔츠 말고 기본 티셔츠는 없나요?,KINDSIZE
신랑 와이셔츠를 사려고 하는데요,KINDSIZE
그럼 이거 105사이즈 있나요?,KINDSIZE
여기 진열되어 있는 점퍼 얼마인가요?,KINDSIZE
55사이즈 입어볼게요,KINDSIZE
이거 사이즈 105사이즈 있나요?,KINDSIZE
세일 품목은 매일매일 달라지나요?,KINDSIZE
면접이시면 정장 스타일 찾으시나요?,KINDSIZE
그럼 이 면 셔츠는 어떠신가요?,KINDSIZE
키즈 바람막이를 보고 싶어요,KINDSIZE
핑크색 7살 사이즈로 주세요,KINDSIZE
이 옷 66사이즈 있나요?,KINDSIZE
플레어스커트는 어느 쪽에 있나요?,KINDSIZE
후드티는 이 브랜드가 잘 팔려요,KINDSIZE
슬랙스 좀 보여주세요,KINDSIZE
치마는 오른쪽에 있나요?,KINDSIZE
롱치마도 있나요?,KINDSIZE
빨간색 치마도 있나요?,KINDSIZE
니트 치마도 볼 수 있을까요?,KINDSIZE
니트 같은 거는 어디 있어요?,KINDSIZE
패딩 따듯한 거 뭐 있어요?,KINDSIZE
양복 위아래 세트로 다 맞추면 얼마인가요?,KINDSIZE
지난주에 여기서 이 옷을 사 갔는데 사이즈가 안 맞아서 교환 좀 하려고요,KINDSIZE
혹시 이 옷 여성 사이즈는 없나요?,KINDSIZE
블라우스 좀 볼 수 있을까요?,KINDSIZE
이거 라지 사이즈 있나요?,KINDSIZE
이 셔츠 아이보리색 품절이에요?,KINDSIZE
안녕하세요 점퍼 좀 보려고요,KINDSIZE
맘에 들어요 사이즈가 맞을까요?,KINDSIZE
요즘 신상 코트 볼 수 있을까요?,KINDSIZE
90사이즈 있나요?,KINDSIZE
슬랙스 있나요?,KINDSIZE
여성 청바지도 판매하나요?,KINDSIZE
제가 정장을 하나 사야 되는데 잘 팔리는 게 어떤 거죠?,KINDSIZE
네 신상으로 나온 이 원피스가 요즘 선호도가 높은데요,KINDSIZE
그럼 66은 있나요?,KINDSIZE
그러면 다른 색으로도 사이즈가 없을까요?,KINDSIZE
바지 입어보려고요,KINDSIZE
이 티셔츠 조금 더 큰 치수로 있나요?,KINDSIZE
105보다 큰 사이즈는 없나요?,KINDSIZE
저기 마네킹이 입고 있는 티셔츠도 105가 제일 큰 사이즈인가요?,KINDSIZE
네 그럼 저 티셔츠로 할게요 얼마죠?,KINDSIZE
이 넥타이 실크 100퍼센트면 혹시 케어를 손빨래나 드라이클리닝으로만 해야 하나요?,KINDSIZE
그냥 아까 봤던 실크 넥타이로 사갈게요,KINDSIZE
머플러 선물을 하려고 하는데요,KINDSIZE
네 그러세요 그럼 좀 화사한 꽃무늬 머플러는 어떨까요?,KINDSIZE
이 티셔츠 L 사이즈 있나요?,KINDSIZE
네 이 티셔츠는 남녀 공용으로 입어도 무방하거죠?,KINDSIZE
혹시 제일 작은 사이즈 모자 있을까요?,KINDSIZE
혹시 바닷가에서 쓸만한 모자도 있나요?,KINDSIZE
그럼 이 블라우스는 얼마인가요?,KINDSIZE
조끼는요?,KINDSIZE
남자 패딩을 좀 보여주시겠어요?,KINDSIZE
이 바지 사이즈 있나요?,KINDSIZE
몇 사이즈를 원하시죠?,KINDSIZE
바지길이를 수선할 수 있을까요?,KINDSIZE
같은 디자인으로 여자 셔츠는 없나요?,KINDSIZE
한 사이즈 작은 옷 있을까요?,KINDSIZE
캐시미어 소재의 목도리도 있나요?,KINDSIZE
원피스를 좀 볼 수 있을까요?,KINDSIZE
맨투맨 티 구입하려고 하는데요,KINDSIZE
사이즈 XXL 있나요?,KINDSIZE
그럼 xl 사이즈로 포장해주세요,KINDSIZE
스카프 있나요?,KINDSIZE
혹시 진한 색 청바지는 어디 있나요?,KINDSIZE
이 바지는 치수가 어디까지 나오나요?,KINDSIZE
66사이즈 재고가 남아있나요?,KINDSIZE
여기 넥타이도 파나요?,KINDSIZE
넥타이 좀 보러 왔는데요,KINDSIZE
넥타이핀도 있나요?,KINDSIZE
남성 코트를 사려고 하는데요,KINDSIZE
더 큰 사이즈는 없나요?,KINDSIZE
롱패딩 보러 왔는데요,KINDSIZE
혹시 스트라이프 셔츠 스몰 사이즈는 없나요?,KINDSIZE
그럼 분홍색 티셔츠는요?,KINDSIZE
분홍색 티셔츠도 스몰 사이즈로 찾으시는 거 맞죠?,KINDSIZE
스몰 사이즈 하나 남아있는데 가져다드릴까요?,KINDSIZE
저 실례합니다만 혹시 이 플레어스커트 재고 있나요?,KINDSIZE
혹시 사이즈가 어떻게 되시나요?,KINDSIZE
네 사이즈는 몇으로 드릴까요?,KINDSIZE
정장 좀 보러 왔는데요,KINDSIZE
사이즈는 어떻게 되시나요?,KINDSIZE
이 바지 세일 언제까지 하나요?,KINDSIZE
이 색상보다 어두운 색상 바지는 어디 있나요?,KINDSIZE
사이즈는 이게 전부인가요?,KINDSIZE
니트 조끼도 있나요?,KINDSIZE
니트 조끼 더 큰 사이즈 없나요?,KINDSIZE
이 옷은 사이즈가 프리인가요?,KINDSIZE
색상은 검은색과 네이비 두 종류가 있습니다,KINDSIZE
셔츠는 어디에 있나요?,KINDSIZE
이 셔츠 사이즈는 어떻게 되나요?,KINDSIZE
여기 원피스 있나요?,KINDSIZE
롱 원피스인가요?,KINDSIZE
플라워 패턴 원피스를 찾고 있어요,KINDSIZE
지금 9개월 아기인데 사이즈 있나요?,KINDSIZE
밖에 전시된 검은색 반팔 티 라지 사이즈도 있나요?,KINDSIZE
비슷한 스타일로 라지 사이즈 제품은 없을까요?,KINDSIZE
회색 제품 라지 사이즈로 입어 봐도 될까요?,KINDSIZE
여기 여성복 점인가요?,KINDSIZE
치마보려고 합니다,KINDSIZE
어떤 종류의 치마를 찾으세요?,KINDSIZE
여자 롱스커트 보고 있어요,KINDSIZE
이거 사이즈 다른 거 없나요?,KINDSIZE
혹시 허리 사이즈만 수선 가능할까요?,KINDSIZE
이거 사이즈가 없는 것 같은데 찾아주실 수 있나요?,KINDSIZE
어떤 사이즈로 찾으시나요?,KINDSIZE
저 지금 라지 사이즈 밖에 안 보여서 미디엄 좀 찾아주세요,KINDSIZE
이 스웨터 재질은 세탁기를 돌려도 되나요?,KINDSIZE
이 검은색 스웨터 스몰 사이즈가 있나요?,KINDSIZE
그럼 파란색 스웨터 스몰 사이즈로 입어봐도 될까요?,KINDSIZE
이 스웨터 올이 나간 부분이 있는데 바꿔서 입을래요,KINDSIZE
레깅스 한 장에 얼마에요?,KINDSIZE
프리사이즈 있나요?,KINDSIZE
치마레깅스도 인기가 많나요?,KINDSIZE
그럼 검은색 치마 레깅스 한 장 주세요,KINDSIZE
남색 원피스가 필요한데 어떤 종류가 있나요?,KINDSIZE
이 원피스는 66사이즈가 있나요?,KINDSIZE
재킷 보러 왔어요,KINDSIZE
네 어떤 재킷 찾으세요?,KINDSIZE
그럼 이 검은색 재킷은요?,KINDSIZE
좋네요 바지도 있나요?,KINDSIZE
부모님께 선물 드릴 옷을 사려는데 사이즈가 어떤 게 있죠?,KINDSIZE
바지 사이즈가 안 맞아서 바꾸려고 하는데 교환 가능한가요?,KINDSIZE
치마 착용해봐도 되나요?,KINDSIZE
한 사이즈 작은 거 있나요?,KINDSIZE
치마와 함께 입을 니트 있나요?,KINDSIZE
이 니트랑 함께 구입할게요,KINDSIZE
트레이닝복은 어디 있나요?,KINDSIZE
사이즈가 안 맞네요,KINDSIZE
코트를 좀 찾고 있는데요,KINDSIZE
이번에 신상품으로 나온 검은색 테일러 코트요,KINDSIZE
남자 롱 패딩 있나요?,KINDSIZE
졸업식에 입을 정장을 맞추고 싶어요,KINDSIZE
제일 잘나가는 양복은 무엇인가요?,KINDSIZE
봄에 입을 셔츠는 좀 있나요?,KINDSIZE
여기 남성복도 파나요?,KINDSIZE
어느 쪽이 남성복이 있는 쪽인가요?,KINDSIZE
이거 사이즈가 어떻게 되나요?,KINDSIZE
그럼 여자는 한 사이즈 작게 입어야 맞을까요?,KINDSIZE
어머니 선물로 등산복 보고 있는데 도와주시겠어요?,KINDSIZE
이쁜데 사이즈가 있을까요?,KINDSIZE
77사이즈 정도면 좋을 거 같은데 안 맞으면 교환 가능한가요?,KINDSIZE
아들 졸업식에 선물할 정장을 한 벌 구매하려고 하는데요,KINDSIZE
젊은 친구들은 슬림한 라인의 정장을 좋아하는데 이 디자인 어떠세요?,KINDSIZE
상의 95 하의 30 사이즈로 주세요,KINDSIZE
여기 이 바지 29사이즈 있나요?,KINDSIZE
한 치수 작은 거 있나요,KINDSIZE
남자 정장 보러 왔는데요,KINDSIZE
사이즈 몇 입으시죠?,KINDSIZE
같이 입을 수 있게 넥타이도 함께 보여주세요,KINDSIZE
이 바지는 사이즈가 다양하게 나왔나요?,KINDSIZE
L 사이즈 바지는 어느 쪽에서 보면 될까요?,KINDSIZE
이쪽에서 보시면 되는데 어떤 종류의 바지를 원하시나요?,KINDSIZE
마네킹에 걸려 있는 코트 좀 보여주세요,KINDSIZE
모자 좀 보려고요,KINDSIZE
이 바지는 사이즈 어떻게 되나요?,KINDSIZE
이 옷은 사이즈가 안 맞는데 다른 제품으로도 교환 가능한가요?,KINDSIZE
그럼 이것보다 오버핏으로 나온 코트 추천 좀 해주세요,KINDSIZE
이 연한 회색 가오리 코트는 어떠세요?,KINDSIZE
원피스는 어디에 있어요?,KINDSIZE
이 원피스는 한 가지 색깔밖에 없나요?,KINDSIZE
이 원피스 검은색으로 한 사이즈 작은 거 보여주세요,KINDSIZE
귀걸이도 같이 살게요,KINDSIZE
정장에 착용할 벨트를 보여주시겠어요?,KINDSIZE
요런 티는 얼마 해예?,KINDSIZE
요 핑크색 티도 이쁜데 얼마예요?,KINDSIZE
저 티는 색상이 요거뿐이에요?,KINDSIZE
패딩 색상은 요거 뿐이라예?,KINDSIZE
저 밖에 있는 파란 티 저런 건 얼마에예?,KINDSIZE
조런 티는 입어봐도 되나요?,KINDSIZE
요 티는 가격이 얼마예요?,KINDSIZE
이 옷도 니트 종류죠?,KINDSIZE
이 소매가 나오는 건 요 옷 종류밖에 없어요?,KINDSIZE
이렇게 얇은 티는 가격이 얼마정도예요?,KINDSIZE
요 빨간 티는 니트 아니죠?,KINDSIZE
요 옷도 스웨터죠?,KINDSIZE
이 옷은 스카프도 딸려오나요?,KINDSIZE
스카프는 얼마예요?,KINDSIZE
요런 가방은 얼마예요?,KINDSIZE
가방 색상은 이것뿐이에요?,KINDSIZE
이 가방은 얼마예요?,KINDSIZE
요 패딩은 다운소재인가요?,KINDSIZE
이 패딩은 얼마예요?,KINDSIZE
요 티는 얼마예요?,KINDSIZE
요런 티는 가격이 얼마정도 해요?,KINDSIZE
이 티는 사이즈가 프린가요?,KINDSIZE
코트류는 가격대가 얼마예요?,KINDSIZE
이 코트 색상은 하나뿐이에요?,KINDSIZE
요 옷은 사이즈도 한 가지뿐이에요?,KINDSIZE
요런 티는 가격이 얼마예요?,KINDSIZE
요 파란색 티는 얼마예요?,KINDSIZE
요 회색 티는 얼마예요?,KINDSIZE
이 티도 사만 육천 원이에요?,KINDSIZE
요 미색 티도 가격이 비슷한가요?,KINDSIZE
이 남방은 얼마?,KINDSIZE
요 코트는 얼마예요?,KINDSIZE
요런 티는 얼마예요?,KINDSIZE
이 옷 사이즈는 한 종류예요?,KINDSIZE
사이즈가 어떻게 되시나요?,KINDSIZE
이 검정색 목티는 얼마예요?,KINDSIZE
요런 핑크색 티는 얼마예요?,KINDSIZE
조끼 색상은 하나뿐인가요?,KINDSIZE
청바지는 얼마예요?,KINDSIZE
요 아이보리 티는 얼마예요?,KINDSIZE
이 티는 다른 색상도 잇나요?,KINDSIZE
요런 티는 재질이 뭔가요?,KINDSIZE
블라우스 종류는 있나요?,KINDSIZE
블라우스 이 두 종류밖에 없어예?,KINDSIZE
요 흰 블라우스는 얼마예요?,KINDSIZE
이 블라우스 소재는 어떻게 되나요?,KINDSIZE
이 블라우스 다른 사이즈도 있나요?,KINDSIZE
요 미색 바지는 얼마예요?,KINDSIZE
요 니트 많이 입으면 늘어나죠?,KINDSIZE
이 핑크색 조끼는 얼마예요?,KINDSIZE
조끼 색상은 요거 뿐이죠?,KINDSIZE
블라우스 종류는 이게 다예요?,KINDSIZE
블라우스 가격대는 얼마정도 하나요?,KINDSIZE
요런 핑크색 블라우스는 얼마예요?,KINDSIZE
이 블라우스 사이즈는 원사이즈예요?,KINDSIZE
티셔츠 종류는 요 거뿐이에요?,KINDSIZE
이 티셔츠는 얼마예요?,KINDSIZE
티셔츠 색상은 하나뿐인가요?,KINDSIZE
이 티셔츠 카드결제로는 얼마예요?,KINDSIZE
이 바지 소재는 면인가요?,KINDSIZE
이 청바지도 이만 원이에요?,KINDSIZE
이 옷 사이즈는 엠인가요?,KINDSIZE
이 핑크색 티셔츠는 얼마예요?,KINDSIZE
이런 초록색 같은 티 얼마예요?,KINDSIZE
이 티는 원사이즈에요?,KINDSIZE
자주색 티셔츠는 얼마나 해요?,KINDSIZE
바지 종류는 이게 전부 다예요?,KINDSIZE
이런 가방은 얼마나 해요?,KINDSIZE
이 티들 가격은 전부 똑같나요?,KINDSIZE
이 티는 색상이 하나뿐인가요?,KINDSIZE
얇은 티셔츠는 어느 쪽에 있나요?,KINDSIZE
이 보라색 티는 얼마예요?,KINDSIZE
이 티는 재질이 뭔가요?,KINDSIZE
이 티는 두 가지 색상만 있나요?,KINDSIZE
이 옷은 원사이즈인가요?,KINDSIZE
딱 붙는 쫄바지는 없죠?,KINDSIZE
이 가방들 전부 다 핸드메이드인가요?,KINDSIZE
이 제품이랑 비슷한 종류로는 없어요?,KINDSIZE
가방 종류는 여기 있는 게 다다 그죠?,KINDSIZE
조 가죽 가방은 얼마나 해요?,KINDSIZE
검정색 티 얼마에요?,KINDSIZE
이 티는 원사이즈인가요?,KINDSIZE
이 세트제품에서 티셔츠만 구입할 수 있나요?,KINDSIZE
이 옷 사이즈는 프리사이즈죠?,KINDSIZE
학생들 입을 수 있는 트레이닝복 바지 있어요?,KINDSIZE
이런 세트상품은 바지만 따로 살 수 있어요?,KINDSIZE
이 제품과 똑같은 바지는 없나요?,KINDSIZE
요 회색 옷은 사이즈가 어때예?,KINDSIZE
이 검은색 옷도 프리사이즈인가요?,KINDSIZE
이 아이보리색 옷은 사이즈가 어뜨케돼예?,KINDSIZE
연두색도 아이고 니트 이거는 뭐라해야되노 녹색이예요?,KINDSIZE
고객님 사이즈가 어떻게 되세요?,KINDSIZE
혹시 여자 코트는 어디 있어요?,KINDSIZE
어머니 바지 얼마 입으세요?,KINDSIZE
이 옷 사이즈가 _이고 얼마예요?,KINDSIZE
뚱뚱한 사람이라 목이 짧아서 모자 달린 걸 싫어하시던데?,KINDSIZE
약간 긴 가디건 있나 해서 왔는데,KINDSIZE
앞에 요 하늘색 니트 사이즈가 저힌테 클까요?,KINDSIZE
이 제품 육육이 제일 큰 사이즌가요?,KINDSIZE
이 제품 좀 큰 사이즈는 없어요?,KINDSIZE
그럼 요 제품도 사이즈가 작나요?,KINDSIZE
이 제품은 사이즈가 큰데 저 제품만 사이즈가 작네요?,KINDSIZE
나중에 요 제품 큰 사이즈 재입고 되나요?,KINDSIZE
앞에 걸어놓은 저 잠바는 얼마예요?,KINDSIZE
이 제품은 조끼로도 나오네요?,KINDSIZE
조끼는 얼마예요?,KINDSIZE
저 앞 잠바는 얼마예요?,KINDSIZE
조끼는 없어요?,KINDSIZE
통조끼 찾으세요?,KINDSIZE
바깥에 기모 바지는 얼마씩 해요?,KINDSIZE
어떤 옷이 사이즈 남았나요?,KINDSIZE
그 제품 사이즈가 어떻게 되나요?,KINDSIZE
어떤게 많이 나가는 바지에요?,KINDSIZE
이런 청바지는 얼마인가요?,KINDSIZE
이 청바지는 왜 이리 비싸요?,KINDSIZE
저 청바지는 왜 이리 싸요?,KINDSIZE
조 미색 조끼는 얼마예요?,KINDSIZE
뚱뚱한 사람들은 이런 치마가 어울릴까요?,KINDSIZE
이 티는 삼만 원이라는 거죠?,KINDSIZE
바지는 어딨나요?,KINDSIZE
이런 정장은 얼마씩 해요?,KINDSIZE
연두색 요 니트는 얼마예요?,KINDSIZE
이런 바지는 얼마씩 해요?,KINDSIZE
사이즈 얼마 입으세요?,KINDSIZE
이 청바지는 얼마예요?,KINDSIZE
검은 바지에도 기모가 없나요?,KINDSIZE
기모 없어도 좀 두꺼운 바지는 없죠?,KINDSIZE
청바지 종류도 여기 있는 제품이 다죠?,KINDSIZE
검은색 청바지도 삼만원인가요?,KINDSIZE
사이즈가 _이에요?,KINDSIZE
이 제품은 사이즈가 어떻게 되나요?,KINDSIZE
저쪽 까만 코트는 다른 사이즈가 있나요?,KINDSIZE
아주 큰 빅사이즈 제품 있나요?,KINDSIZE
저 니트는 얼마예요?,KINDSIZE
두꺼운 잠바로 하셔야 돼요?,KINDSIZE
이 잠바는 얼마예요?,KINDSIZE
이 잠바 검은색으로는 있어요?,KINDSIZE
이 잠바는 기네요?,KINDSIZE
이 잠바 충전재가 오리털인가요?,KINDSIZE
등산바지는 어떤 게 잘 나가요?,KINDSIZE
남자바지는 이쪽이 다예요?,KINDSIZE
이 비싼 바지는 세일 하나요?,KINDSIZE
등산복도 드라이 해야 하나요?,KINDSIZE
청바지도 세일해요?,KINDSIZE
이 옷은 제가 몇 사이즈 입어야 할까요?,KINDSIZE
이런 조끼 말고 모직 조끼는 없죠?,KINDSIZE
이 옷 예쁜데 큰 사이즈 없나요?,KINDSIZE
저런 조끼는 얼마예요?,KINDSIZE
패딩 조끼 말고 모직 조끼는 없죠?,KINDSIZE
요 앞에 코트 얼마예요?,KINDSIZE
이 삼십만 원짜리 코트는 소재가 어떻게 되나요?,KINDSIZE
이 제품은 코트죠?,KINDSIZE
저 조끼는 얼마예요?,KINDSIZE
블라우스 종류로 이 제품보다 더 저렴한 건 없나요?,KINDSIZE
이 조끼는 마이까지 세트죠?,KINDSIZE
마이만은 얼마예요?,KINDSIZE
빅사이즈 옷 있어요?,KINDSIZE
시어머니 사이즈가 99 되세요?,KINDSIZE
이 까만옷 사이즈가 뭐예요?,KINDSIZE
요런 조끼는 얼마씩 해요?,KINDSIZE
요 니트 가디건은 얼마예요?,KINDSIZE
혹시 빅사이즈 있어요?,KINDSIZE
이 옷 사이즈가 뭐예요?,KINDSIZE
큰 사이즈 필요하세요?,KINDSIZE
어디에 패딩이 있어요?,KINDSIZE
이 옷은 티 같은데요?,KINDSIZE
큰 사이즈 옷이 별로 없네요,KINDSIZE
요 카키색 코트는 얼마예요?,KINDSIZE
요 조끼 얼마예요?,KINDSIZE
저 원피스는 얼마예요?,KINDSIZE
바지 찾으세요?,KINDSIZE
요런 마이도 큰 사이즈 없나요?,KINDSIZE
저 옷은 사이즈 맞겠죠?,KINDSIZE
시어머니께 이 조끼 사이즈가 맞을까요?,KINDSIZE
이 회색조끼는 얼마예요?,KINDSIZE
이 동네에는 빅사이즈 전문점이 없어요?,KINDSIZE
사이즈가 어떻게 되세요?,KINDSIZE
그 사이즈는 남성용밖에 없는데 괜찮으신가요?,KINDSIZE
여자 옷으로는 큰 사이즈가 없죠?,KINDSIZE
여자 옷으로는 이쁘고 큰 사이즈가 없죠?,KINDSIZE
이런 옷은 큰사이즈가 없죠?,KINDSIZE
시어머니 입으실 빅사이즈 없나요?,KINDSIZE
105가 가장 큰 사이즈인가요?,KINDSIZE
105 중에서도 큰 사이즈가 있나요?,KINDSIZE
패딩 조끼 있어요?,KINDSIZE
이 조끼는 얼마인가요?,KINDSIZE
조끼는 어딨어요?,KINDSIZE
아까 옷보다 이 긴 옷이 더 사이즈가 클까요?,KINDSIZE
요 코트 얼마예요?,KINDSIZE
이 긴 회색 조끼도 세일해요?,KINDSIZE
조끼 얼마예요?,KINDSIZE
조끼 큰 사이즈는 없네요?,KINDSIZE
이 옷은 100사이즈에요?,KINDSIZE
고런 보라색 잠바는 얼마씩 해요?,KINDSIZE
이 옷 사이즈가 저한테 작을까요?,KINDSIZE
코트 재고는 이제 얼마 없죠?,KINDSIZE
네이비 코트는 잘나가요?,KINDSIZE
요런 옷으로 큰 사이즈 있나요?,KINDSIZE
니트는 살쪄보이나요?,KINDSIZE
이 옷 큰사이즈 있어요?,KINDSIZE
이 옷 99넘는 사이즈 있나요?,KINDSIZE
큰 사이즈 바지 있어요?,KINDSIZE
99사이즈 보다 더 큰 사이즈 바지는 없어요?,KINDSIZE
이 바지 110은 없어요?,KINDSIZE
이 색깔 옷은 큰 사이즈 없죠?,KINDSIZE
이 바지 큰 사이즈 없죠?,KINDSIZE
이쁜 바지는 110짜리가 없네요?,KINDSIZE
좀 이쁜 옷은 큰 사이즈가 없네요?,KINDSIZE
사이즈 99 이상 짜리 옷 찾으세요?,KINDSIZE
좀 큰 사이즈 맞춤도 되나요?,KINDSIZE
요 조끼는 얼마죠?,KINDSIZE
큰 사이즈 옷 있어요?,KINDSIZE
이 옷은 사이즈가 맞을까요?,KINDSIZE
여기 있는 옷들도 다 큰 치수죠?,KINDSIZE
이 바지는 큰 치수가 나와요?,KINDSIZE
이 바지 큰 치수 몇 까지 나와요?,KINDSIZE
예쁜데 큰 사이즈 옷은 없네요?,KINDSIZE
여기 있는 옷들은 사이즈가 다 작네요?,KINDSIZE
요런 잠바는 얼마예요?,KINDSIZE
팬티 종류 어딨어요?,KINDSIZE
사이즈는 어떤 거 찾으세요?,KINDSIZE
남성 메리야스 찾아요,KINDSIZE
메리야스도 계절별로 있나요?,KINDSIZE
구입 후 사이즈 교환은 가능한가요?,KINDSIZE
팬티 낱개로 판매는 안하시나요?,KINDSIZE
이 팬티는 여름용 같은데?,KINDSIZE
일반용 팬티는 없어요?,KINDSIZE
이 옷 큰 사이즈도 있어요?,KINDSIZE
사이즈가 88이상이세요?,KINDSIZE
이 옷들 사이즈가 다 어때요?,KINDSIZE
사이즈 77이신가요?,KINDSIZE
어떤 종류 옷으로 드릴까요?,KINDSIZE
이 옷은 88사이즈인가요?,KINDSIZE
이 66사이즈는 저한테 클 것 같은데요?,KINDSIZE
이 바지는 정장바지 아니죠?,KINDSIZE
이 정장바지들은 다 기모 들었네요?,KINDSIZE
이 바지 세탁기에 막 돌려도 돼요?,KINDSIZE
이 제품 저한테 맞는 사이즈 있을까요?,KINDSIZE
받쳐 입을 옷이면 두꺼운 종류로 어떠세요?,KINDSIZE
이 옷은 조끼인가요?,KINDSIZE
이 조끼는 베이지 색상밖에 없어요?,KINDSIZE
좋은 제품이라도 가져 가면 니트는 피잖아요?,KINDSIZE
지금 이 옷 남아있는 사이즈가 별로 없나요?,KINDSIZE
패딩조끼 이 색깔밖에 없나요?,KINDSIZE
66사이즈면 저한테 맞을까요?,KINDSIZE
이 옷 66사이즈는 없는 거예요?,KINDSIZE
저 핑크색 패딩은 얼마예요?,KINDSIZE
다른색상 패딩은 없어요?,KINDSIZE
이 패딩 저한테 맞는 사이즈는 있어요?,KINDSIZE
이 옷 사이즈는 어떻게 되나요?,KINDSIZE
이 옷은 사이즈가 어떻게 되나요?,KINDSIZE
55 사이즈는 저한테 작을까요?,KINDSIZE
원래 사이즈가 뭐세요?,KINDSIZE
이 옷 원사이즈예요?,KINDSIZE
울도 털이 두 가지 종류네?,KINDSIZE
와이셔츠나 블라우스를 입어야 할 것 같은데,KINDSIZE
얇은 블라우스를 찾으세요?,KINDSIZE
바지가 근데 이렇게 다 짧게 나와요?,KINDSIZE
이런 조끼는 얼마예요?,KINDSIZE
이 옷 사이즈가 99 사이즈인가요?,KINDSIZE
이런 티셔츠 종류는 더 없어요?,KINDSIZE
이런 원피스에는 자켓이 엉덩이가 짧은데 좀 긴 거를 입고 싶으면 어떻게 해야돼요?,KINDSIZE
블라우스나 티셔츠 같은거는 얼마부터 있어요?,KINDSIZE
이런 스카프는 얼마예요?,KINDSIZE
몸에 딱 붙는 티셔츠 있어요?,KINDSIZE
원피스 중에 몸에 딱 붙는 건 없어요?,KINDSIZE
이 티셔츠는 엉덩이까지 내려오나요?,KINDSIZE
바지 길이가 좀 짧아 보이는데요?,KINDSIZE
이 원피스는 무릎까지 내려올까요?,KINDSIZE
원피스 중에 잘 나가는 걸로 몇 개 추천해주실래요?,KINDSIZE
이거보다 한 사이즈 더 큰 걸로 주세요,KINDSIZE
티셔츠처럼 위쪽으로 입으면 되나요?,KINDSIZE
남자들이 많이 찾는 바지는 어떤거예요?,KINDSIZE
아동복 매장 맞지요?,KINDSIZE
이 바지도 수입품인가요?,KINDSIZE
이 원피스도 수입이에요?,KINDSIZE
사이즈가 66 맞아요?,KINDSIZE
사이즈 55 맞나요?,KINDSIZE
사이즈 77 이네요?,KINDSIZE
사이즈 S 네요?,KINDSIZE
티셔츠만 1+1이에요?,KINDSIZE
바지도 1+1 하는 거예요?,KINDSIZE
이거 말고 다른 사이즈로 입어볼게요,KINDSIZE
이거보다 한 사이즈 작은 걸로 입어볼게요,KINDSIZE
이거보다 한 사이즈 큰 걸로 입어볼게요,KINDSIZE
원피스 종류는 어느 쪽에 있어요?,KINDSIZE
아동복은 어디로 가야 하죠?,KINDSIZE
아동복 코너로 좀 데려다주시겠어요?,KINDSIZE
바지 코너로 안내 좀 해주세요,KINDSIZE
단체복도 맞출 수 있나요?,KINDSIZE
다른 매장에 S 사이즈 있는지 확인해주실 수 있나요?,KINDSIZE
다른 매장에 사이즈 있는지 좀 봐주시면 안 될까요?,KINDSIZE
저 티셔츠 주문할 수 있나요?,KINDSIZE
이 바지로 주문 가능해요?,KINDSIZE
이 원피스 주문하고 싶은데요,KINDSIZE
저 재킷은 주문 안 되나요?,KINDSIZE
피팅룸에 가방 가지고 들어가도 되나요?,KINDSIZE
여기 티셔츠 정리 좀 부탁드릴게요,KINDSIZE
치마 안감이 뜯어져 있어서 입을 수가 없었어요,KINDSIZE
재킷에 있는 털이 너무 많이 빠쪄서 못 입겠어요,KINDSIZE
스웨터 올이 풀려 있어서 입을 수가 없잖아요,KINDSIZE
흰색 티셔츠에 얼룩이 있는데 이런 걸 판매하시면 어떡해요?,KINDSIZE
이 티셔츠 예약할 수 있어요?,KINDSIZE
이거 할인 해주세요?,PAYSALE
제가 카드밖에 없는데,PAYSALE
이 제품은 할인 상품이기 때문에 현금으로 계산해 주세요,PAYSALE
그럼 이번만 카드로 계산해드릴게요,PAYSALE
현금으로 사면 또 싸게 돼요?,PAYSALE
여기 근처에 현금지급기 있어요?,PAYSALE
적립되는 카드나 할인되는 카드가 있나요?,PAYSALE
현금으로 구입하면 더 저렴한가요?,PAYSALE
이거는 지금 이 가격에서 할인이 되는 거예요?,PAYSALE
현금가?,PAYSALE
이거는 할인해요?,PAYSALE
현금으로 사면 좀 싸게 되나요?,PAYSALE
할인되는 카드 없고?,PAYSALE
현금으로 사면 싸게 해주나요?,PAYSALE
헌금으로 사도 마찬가지예요?,PAYSALE
신상품이라서 할인 안 되나요?,PAYSALE
결제는 카드 다 돼요?,PAYSALE
카드는 하면 얼만데요?,PAYSALE
현금했을 때 8만 원인가요?,PAYSALE
현금이랑 카드랑 가격 똑같아요?,PAYSALE
현금가에요?,PAYSALE
현금해야 되죠?,PAYSALE
여기는 5% 할인 안되는 거죠?,PAYSALE
카드도 돼요?,PAYSALE
현금으로 하면 좀 안 깎아줘요?,PAYSALE
현금으로 하면 이게 얼마쯤?,PAYSALE
현금으로 하면 더 할인 해주나요?,PAYSALE
현금이 없는데 현금으로 드려야하죠?,PAYSALE
카드 하면 얼마인데요?,PAYSALE
카드 결제돼요?,PAYSALE
현금하면 할인 더 해주나요?,PAYSALE
카드 해도 돼요?,PAYSALE
할인은 좀 안 해주고?,PAYSALE
음 현금해도 가격 똑같아요?,PAYSALE
이쪽은 할인되는건가요?,PAYSALE
이거 제품마다 할인율이 다 다르죠?,PAYSALE
이거는 50프로 할인하는 거에요?,PAYSALE
오십프로 된거에요?,PAYSALE
이게 그러면 칠만구천원이면 오십프로인가,PAYSALE
이거는 할인 안되죠? 수선도 안되나요?,PAYSALE
예 현금하면 천원빠진다고 했죠?,PAYSALE
현금카드 똑같아요?,PAYSALE
세일해서 이십구만원이요 몇 프로 할인된 거에요?,PAYSALE
삼십프로 하면 얼마에요?,PAYSALE
그러면 세 장하고 카드하면 가격이 얼만데요?,PAYSALE
전부 다 오십 프로에요?,PAYSALE
이런 것도 오십 프로 하나요?,PAYSALE
이거는 봄상품 같은데 할인을 하네요?,PAYSALE
이제 겨울 거는 들어간다고 할인하는 거예요?,PAYSALE
할인 같은 거는 없어요?,PAYSALE
이거 현금으로 하면 더 싸요?,PAYSALE
현금영수증 줘요,PAYSALE
카드 돼요?,PAYSALE
이건 캐시미어 백프로에요?,PAYSALE
이게 이십프로 해서 그거에요?,PAYSALE
이거 울도 이십 프로 할인해요?,PAYSALE
할인은 계속하지요?,PAYSALE
네 금액은 59000원인데 일시불로 하시나요?,PAYSALE
네 결제는 어떻게 도와드릴까요?,PAYSALE
현금영수증 가능한가요?,PAYSALE
할부로 결제가 되나요?,PAYSALE
몇 개월로 할부해드릴까요?,PAYSALE
카드 무이자 행사 있나요?,PAYSALE
네. 영수증이랑 카드 들고 오셨나요?,PAYSALE
상품권으로 결제할 수 있나요?,PAYSALE
롯데포인트카드 있는데 추가할인 안되나요?,PAYSALE
카드결제 무이자 6개월 되나요?,PAYSALE
이걸로 결제해 드릴까요?,PAYSALE
네 카드로 결제할게요,PAYSALE
카드로 계산할게요,PAYSALE
할인 적용되는 상품인가요?,PAYSALE
이 옷은 할인 적용되는 옷인가요?,PAYSALE
몇 프로 할인 적용되나요?,PAYSALE
할인 적용하면 가격이 어떻게 되나요?,PAYSALE
카드 결제 가능한가요?,PAYSALE
카드로 결제 가능하죠?,PAYSALE
포인트 사용하면 할인되나요?,PAYSALE
브이넥 니트 할인되는 건 여기 있는 게 다인 가요?,PAYSALE
몇 프로 할인되는 건가요?,PAYSALE
이 옷 포장해주시고 카드 결제 가능하죠?,PAYSALE
카카오페이로 결제 가능한가요?,PAYSALE
그럼 카카오페이로 결제해주세요,PAYSALE
삼성페이로 결제 가능한가요?,PAYSALE
카드로 결제하시겠어요?,PAYSALE
혹시 이월 상품들은 할인이 따로 들어가 있나요?,PAYSALE
이 바지는 할인되나요?,PAYSALE
현금으로 결제할게요,PAYSALE
현금영수증 해드릴까요?,PAYSALE
네 현금결제로 할 테니 현금영수증 부탁드려요,PAYSALE
현금 결제되나요?,PAYSALE
혹시 현금으로 환불받을 수는 없나요?,PAYSALE
이거 할인되나요?,PAYSALE
구스는 얼마나 할인하죠?,PAYSALE
이거 카드로 3개월 할부해 주세요,PAYSALE
아 결제는 미리 하고 가도 되죠?,PAYSALE
삼성페이 되나요?,PAYSALE
네 결제는 카드로 할게요,PAYSALE
여기 카드요,PAYSALE
현금결제로 해주세요,PAYSALE
카드로 결제 가능한가요?,PAYSALE
일시불로 결제해주세요,PAYSALE
현금으로 할게요,PAYSALE
카드 결제 가능한가요,PAYSALE
현금영수증 해주세요,PAYSALE
지금 사면 할인되나요?,PAYSALE
카드 결제할게요,PAYSALE
혹시 몇 퍼센트가 할인된 건지 알 수 있을까요?,PAYSALE
그렇다면 여기 있는 상품 모두가 70프로 세일 중이라는 말씀이신가요?,PAYSALE
삼성페이로 계산할 수 있나요,PAYSALE
일시불이세요?,PAYSALE
현금으로 사면 할인 가능한가요?,PAYSALE
현금 결제하면 할인되나요?,PAYSALE
네 영수증과 결제했던 카드 가지고 계시나요?,PAYSALE
그럼 지난 결제는 취소하고 재결제 하겠습니다,PAYSALE
여기 3개월 무이자로 결제할 수 있죠?,PAYSALE
결제는 뭘로 하시나요?,PAYSALE
네 결제는 삼성페이로 하고 싶은데 가능한가요?,PAYSALE
그럼 이 두 개 같이 결제할게요,PAYSALE
혹시 현금 결제되나요?,PAYSALE
소재는 캐시미어 100프로에요?,PAYSALE
현금영수증 처리해주세요,PAYSALE
네 그럼 카드로 계산해주세요,PAYSALE
무이자 할부 어떤 게 있어요?,PAYSALE
현금 영수증 부탁드립니다,PAYSALE
네 카드로 결제 도와드릴까요?,PAYSALE
현금 영수증 해주세요,PAYSALE
결제는 현금도 되나요?,PAYSALE
상품권 사용 가능한가요?,PAYSALE
할인되는 카드 있나요?,PAYSALE
네 결제해주세요,PAYSALE
지금 세일 기간으로 알고 있는데 매장에서도 할인되나요?,PAYSALE
그럼 카드로 결제할게요,PAYSALE
할인은 안 해주시나요?,PAYSALE
혹시 할인해 주실 수 있나요?,PAYSALE
그럼 현금으로 결제할게요,PAYSALE
카드 무이자 할부 되나요?,PAYSALE
이 옷 현금으로 사면 할인 좀 해주시나요?,PAYSALE
이게 할인된 가격이에요?,PAYSALE
현금으로 이 제품 구입 하면 좀 싸게는 안되나?,PAYSALE
카드로 구입해도 할인이 되지 않나요?,PAYSALE
할인 된 가격은 이 제품 뿐인가요?,PAYSALE
이 옷도 카드로 사면 부가세가 붙나요?,PAYSALE
이 옷을 현금으로 구입하면 할인되나요?,PAYSALE
카드결제 되나요?,PAYSALE
카드결제 시 적립되는 포인트가 있나요?,PAYSALE
현금결제할인은 되나요?,PAYSALE
할인 코너가 따로 있나요?,PAYSALE
카드결제 가능한가요?,PAYSALE
전부 다 할인된 가격이죠?,PAYSALE
현금으로 구입하면 좀 싸게 주시나요?,PAYSALE
이 옷은 현금가가 어떻게 되나요?,PAYSALE
그 가격이 카드결제 가격인가요?,PAYSALE
이 티셔츠 카드결제로는 얼마예요?,PAYSALE
이 제품 가격도 현금가격인가요?,PAYSALE
그 가격이 현찰가예요?,PAYSALE
그 가격이 현금가예요?,PAYSALE
저 제품은 현금가로 얼마인가요?,PAYSALE
이 옷 현금가랑 카드가랑 다른가요?,PAYSALE
다 구십프로 해서 팔만 원인 거예요?,PAYSALE
이 제품은 할인율이 얼마예요?,PAYSALE
전부 현금가인가요?,PAYSALE
이 옷은 _ 프로 세일 된 거예요?,PAYSALE
이 제품 현금결제 하면 좀 싸게 안되나요?,PAYSALE
그 제품은 캐시미어 백프로인가요?,PAYSALE
전부 육십프로 세일하는 거죠?,PAYSALE
이 제품 현금할인 되나요?,PAYSALE
전부 다 오십프로 세일하는 거죠?,PAYSALE
이 옷들은 할인율이 얼마나 되나요?,PAYSALE
요 옷도 오십프로 세일해요?,PAYSALE
요 제품도 오십프로 할인 된 건가요?,PAYSALE
겨울 옷은 할인율이 높나요?,PAYSALE
이 가격이 현금가인가요?,PAYSALE
현금으로 사야하죠?,PAYSALE
요 옷은 할인율이 어떻게 돼요?,PAYSALE
이 제품 할인해 줄 순 없나요?,PAYSALE
현금할인가가 어떻게 돼요?,PAYSALE
이 옷은 할인 되나요?,PAYSALE
현금으로 하면 더 싸게 돼요?,PAYSALE
이 제품 오십프로 할인 됐나요?,PAYSALE
현금가랑 카드가랑 달라요?,PAYSALE
현금가나 카드가나 다 똑같아요?,PAYSALE
보통 현금 하면 더 싸게 해주는데?,PAYSALE
카드로 결제하면 부가세 별도에요?,PAYSALE
카드는 부가세 별도로 붙나요?,PAYSALE
카드 결제하면 부가세 추가되나요?,PAYSALE
카드로 하면 부가세 붙어요?,PAYSALE
할인 코너는 어디에요?,PAYSALE
할인 코너는 어디에 있어요?,PAYSALE
할인 코너는 따로 없어요?,PAYSALE
할인 코너는 어느 쪽에 있나요?,PAYSALE
카드가로 얼마예요?,PAYSALE
카드로 결제하면 얼만데요?,PAYSALE
카드로 하면 얼마예요?,PAYSALE
이거는 왜 할인하는 거예요?,PAYSALE
이월 상품이라 할인하는 건가요?,PAYSALE
신상품인 거 같은데 왜 할인해요?,PAYSALE
현금 결제만 되나요?,PAYSALE
할부로 결제할게요,PAYSALE
10개월 장기 할부도 되나요?,PAYSALE
3개월 할부 될까요?,PAYSALE
상품권 사용해도 될까요?,PAYSALE
온누리 상품권 사용할 수 있어요?,PAYSALE
온누리 상품권 드려도 되나요?,PAYSALE
포인트로 결제할게요,PAYSALE
