,0
0,- - 봄 옷 안 들어와요?
1,- - 이거 할인 해주세요?
2,- - 이런 거는 사이즈가 어떻게 돼요?
3,- - 66도 있어요?
4,- - 티는 여기 있는 게 다예요?
5,- - 이게 숫자 적힌 게 사이즈입니까? 
6,- - 제 사이즈는 얼만데요?
7,- - 이런 건 얼마에요?
8,- - 이게 겨울옷인가요?
9,- - 3월에 입어도 되겠어요 그죠?
10,- - 세탁은 어떻게 해요 이거?
11,- - 면바지 종류는 있어요?
12,- - 라지라면 사이즈 얼마?
13,- - 밴딩에다가 끈도 조금 있으면은 좋더라고요 그런 건 없나요?
14,- - 이런 거 말씀하시는 건가요?
15,- - 조끼 한 번 입어봐도 돼요?
16,- - 같은 걸로 다른 색도 있어요?
17,- - 이거 두 개가 디자인은 똑같은 거예요?
18,- - 그럼요 이거 주세요
19,- - 저녁에 몇 시에 문 닫죠?
20,- - 교환이나 환불 되나요?
21,- - 제가 카드밖에 없는데
22,- - 패딩조끼 오래 입으려면 드라이 맡기는 게 좋죠?
23,- - 블라우스는 없나요?
24,- - 이거는 겨울옷이네요?
25,- - 흰색 같은 그런 거는 있나요?
26,- - 이것도 괜찮지 않아요?
27,- - 이런 거는 사이즈가?
28,- - 남방 종류는 없어요?
29,- - 회색은 무슨 색이랑 잘 어울려요?
30,- - 여기는 다 프리사이즈예요?
31,- - 원피스는 어떤 게 예뻐요?
32,- - 이게 시폰입니까?
33,- - 이런 시폰은 세탁은 어떻게 하나요?
34,- - 이런 거는 원단이 뭡니까?
35,- - 코트는 얼마나 해요?
36,- - 나가면 또 들어오나요?
37,- - 이런 블라우스는 얼마예요?
38,- - 좀 비싸네요 왜 그래요?
39,- - 이거는 면입니까?
40,- - 세탁은 어떻게 해요?
41,- - 이거 브랜드가 빌리브입니까?
42,- - 이런 거는 얼마라고요?
43,- - 원피스 종류도 있어요?
44,- - 제가 입어도 어울리는 거 맞나요? 좀 안 어울리죠?
45,- - 이 검은 조끼를 입으려면 안에 뭐를 입으면 좋을까요?
46,- - 이런 거는 얼마예요?
47,- - 티보다는 칼라 있는 게 어울릴까요?
48,- - 조끼에다가 바지만 입으셔도 예쁜데 한 번 입어보시겠어요?
49,- - 가격은 이거보다 조금 낮은 거는 없어요?
50,- - 색상으로 봤을 때는 이 색상이 제일 어울려 보이는데요?
51,- - 이거 사이즈 다 한 개예요?
52,- - 이거 또 안 들어와요?
53,- - 제가 입을만한 옷 있을까요?
54,- - 뭐를 찾으십니까?
55,- - 남방 같은 거 어떠세요?
56,- - 이제는 얇은 거만 나오나요?
57,- - 그런 거는 얼마예요?
58,- - 이런 바지 없나요?
59,- - 이런 남방은 얼마예요?
60,- - 남방 컬러 종류는 어떤 게 있나요?
61,- - 이런 거는 얼마예요?
62,- - 이런 거 가격 좀 잘해주세요
63,- - 이거는 사이즈는 한 가지입니까?
64,- - 한 번 입어 보세요
65,- - 이런 흰 면바지는 얼마예요?
66,- - 겨자색 저거는 얼마예요?
67,- - 겨울 옷 있어요?
68,- - 찾으시는 거 있어요?
69,- - 여기 옷은 브랜드는 아니죠?
70,- - 이거는 다 봄 옷이다 그죠?
71,- - 이거는 스판이고요?
72,- - 이거는 겨울 거죠?
73,- - 손님 66 입으세요? 55 입으세요?
74,- - 어떤 사이즈가 맞을까요?
75,- - 얼마인데요?
76,- - 한 번 입어볼게요
77,- - 조금 더 큰 거 없어요?
78,- - 이거랑 같이 신을 신발은 뭐 있어요?
79,- - 신발 35사이즈 신으세요?
80,- - 이런 거는 얼마예요?
81,- - 이거는 얼마인데요?
82,- - 이거는 세탁은 어떻게 해요?
83,- - 3만 원에 주시면 안 되나요?
84,- - 그거 담아드려요?
85,- - 이 제품은 할인 상품이기 때문에 현금으로 계산해 주세요
86,- - 그럼 이번만 카드로 계산해드릴게요
87,- - 이거 원래 얼마예요?
88,- - 니트 3만 8천 원이면 여기서 10% dc 된다 그죠?
89,- - 이런 거는 어떻게 관리해요?
90,- - 이런 종류 좋아하는데 어떤 게 잘 나가요?
91,- - 이거는 무슨 면인가요?
92,- - 색상은 이것뿐이에요?
93,- - 이런 꽃무늬는 어떠세요?
94,- - 이런거 얼마에요?
95,- - 세일 제품은 이건 가요?
96,- - 현금으로 사면 또 싸게 돼요?
97,- - 여기 근처에 현금지급기 있어요?
98,- - 여기 몇 시까지 해요?
99,- - 보통 몇 시부터 문 열고요?
100,- - 쉬는 날 있어요?
101,- - 어떤 게 잘 나가요?
102,- - 티 중에 저한테 어울릴 거 추천 좀 해주세요
103,- - 어떤 스타일 찾으세요?
104,- - 아기자기한 거면 이런 거 어떠세요?
105,- - 저 목티는 코랄 색인가요?
106,- - 저거 색상은 이거 한 개뿐이에요?
107,- - 가격이 얼마예요?
108,- - 왜 이렇게 싸요?
109,- - 이거 한 번 입어볼 수 있나요?
110,- - 조금 작아 보이네요 다른 사이즈 있나요?
111,- - 목티 좀 두꺼운 거 젊은 스타일 없어요?
112,"- - 이런 보라색, 고동색은 가격대는 얼마 해요?"
113,- - 아주 얇은 봄 옷도 있기는 있네요?
114,- - 봄 신상은 가격대가 어떻게 돼요?
115,- - 여기는 몇 시까지 문 열어요?
116,- - 몇 시부터?
117,- - 쉬는 날 있어요?
118,- - 티 종류 조금 얇은 거 있나요?
119,- - 반팔 티 찾으시는 건가요?
120,- - 긴 팔로 찾으세요?
121,- - 주로 어떤 게 잘 나가요?
122,- - 색상이 이거 한 가지인가요?
123,- - 이건 가격이 얼마예요?
124,- - 이 티셔츠는 어떤 바지랑 어울려요?
125,- - 티셔츠는 못 입어보죠?
126,- - 적립되는 카드나 할인되는 카드가 있나요?
127,- - 현금으로 구입하면 더 저렴한가요?
128,- - 세일 상품 코너는 어디에요?
129,- - 조금 둘러볼게요
130,- - 이 마이는 이 색상 하나뿐이죠?
131,- - 이거는 지금 이 가격에서 할인이 되는 거예요?
132,- - 사이즈는 원 사이즈죠?
133,- - 여기 쉬는 날이 있어요?
134,- - 밖에 디스플레이 돼 있는 주황색 좀 두꺼운 거 얼마인가요?
135,- - 현금가?
136,- - 더 싸게는 안돼요? 2만 5천 원?
137,- - 저거는 색상이 몇 개?
138,- - 세일 품목은 저 위에 있는 거예요?
139,- - 이거는 뭐랑 입으면 잘 어울려요?
140,- - 사이즈도 원 사이즈죠?
141,- - 여기 근처에 현금지급기 있어요?
142,- - 밖에 있는 거랑 이거랑은 디자인 좀 비슷한 건가요?
143,- - 가격은 비슷해요?
144,- - 이 돕바는 얼마예요?
145,- - 드라이해줘야 되는 거죠? 물세탁은 전혀 안되죠?
146,- - 이거는 얼마예요?
147,- - 몇 시까지 문 열어나예?
148,- - 몇 시부터요?
149,- - 일요일 날은 열어놔요?
150,- - 티 얼마예요?
151,- - 색상은 이거 하나밖에 없어요?
152,- - 이거랑 비슷한 디자인 있어요?
153,- - 이거는 어떤 거랑 어울려요?
154,- - 흰 조끼 저거는 얼마예요?
155,- - 소재가 뭐예요?
156,- - 세탁은 어떻게 해요?
157,- - 이거 검은색 없어요?
158,- - 몇 시에 닫아요?
159,- - 일요일은 열어요?
160,- - 아침에는 몇 시에 문 여는데요?
161,- - 여기 걸려있는 거는 다 세일 제품이에요?
162,- - 티 종류는 이쪽에 있는 거예요?
163,- - 잘 나가는 제품은 있나요?
164,- - 여기 붙어있는 가격에 30% 하는 거예요?
165,- - 이거는 할인해요?
166,- - 이게 사이즈가 다 작죠?
167,- - 색상이 아이보리하고 빨간색?
168,- - 이게 브랜드예요?
169,- - 사이즈가 한 종류예요?
170,- - 여기 세일 기간은 언제까지 해요?
171,- - 다 팔리면 다시 또 오는 거 아니에요?
172,- - 이거는 가격이 얼마예요?
173,- - 따로 사고 싶은데 따로는 구입이 안돼요?
174,- - 재질이 뭐예요?
175,- - 하늘하늘한 원피스 나왔어요?
176,- - 색상이 하나예요?
177,- - 현금으로 사면 좀 싸게 되나요?
178,- - 할인되는 카드 없고?
179,- - 여기 문 연지는 오래됐어요?
180,- - 몇 시부터 몇 시까지 문 열어요?
181,- - 토요일 일요일은?
182,- - 신발은 230은 따로 없죠?
183,- - 이거는 소재가 벨벳 같은데요?
184,- - 이거는 얼마예요?
185,- - 원 사이즈로 나오죠?
186,- - 이거 초록색 티 얼마 해요?
187,- - 이거는 색상이 뭐 있어요?
188,- - 누구 선물하시게요?
189,- - 체격 크세요?
190,- - 이거는 가격이 얼마예요?
191,- - 좀 잘 나가는 거 없어요?
192,- - 이거 가격 얼마예요?
193,- - 조끼 종류는 어떤 게 있어요?
194,- - 이거는 가격 얼마예요?
195,- - 이런 거는 색상이 이것뿐이에요?
196,- - 바지가 얼마예요?
197,- - 현금으로 사면 싸게 해주나요?
198,- - 내일은 영업해요?
199,- - 이 바지도 가격이 똑같아요?
200,- - 오늘 몇 시까지 열고 계시는데요?
201,- - 이거 검은 티 얼마예요?
202,- - 색상은 다른 거 없어요?
203,- - 소재가 뭐예요? 밍크예요?
204,- - 페이크 퍼도 따뜻하죠?
205,- - 티셔츠 종류 여기 있는 게 다죠?
206,- - 사이즈가 작은 것 같은데
207,- - 얇은 티는 아직 안 나왔나요?
208,- - 소재는 뭐예요?
209,- - 색깔은 이거 하나?
210,- - 이거는 가격이 얼마예요?
211,- - 헌금으로 사도 마찬가지예요?
212,- - 세탁은 물세탁 해요?
213,- - 연세 드신 분 입으시는 내의 있나요?
214,- - 가격대는 얼마 정도에 살 수 있어요?
215,- - 사이즈 몇 짜리 보시는데요?
216,- - 이게 신축성이 있어서 괜찮을 것 같아요
217,- - 색상은 검은색뿐이에요?
218,- - 보라색 이거는 얼마예요?
219,- - 사이즈 작으면 바꾸러 와도 되나요?
220,- - 이거 보라색밖에 없어요?
221,- - 저 핑크색 원피스 실내복은 얼마예요?
222,- - 색상은 이거와 연한 핑크 두 가지예요??
223,- - 따뜻한 여성용 내의도 하나요?
224,- - 기모도 돼 있는 거 찾으시는 거예요?
225,- - 몇 호 입으시는데요?
226,- - 내의 105 사이즈는 안 나와예?
227,- - 발열 내의 이거는 100도 큰데 어떠세요?
228,- - 색상은 이거 검은색뿐이에요?
229,- - 이 땡땡이는 얼마예요?
230,- - 이거는 윗도리 하나예요 아니면 세트인가요?
231,- - 요거는 엑스라지 없어요?
232,- - 색상도 한 종류밖에 없죠?
233,- - 덩치가 많이 큰데 큰 건 없죠?
234,- - 티셔츠 조금 얇은 거는 어디에 있어요?
235,- - 여기 오픈한 지가 얼마 안 됐어요?
236,- - 이 물건은 어디서 오는 거예요?
237,- - 아이보리색 티는 얼마예요?
238,- - 요거는 색상 다른 거 없나요?
239,- - 쫄바지 고무 바지로 된 거는 있어예?
240,- - 이 바지는 얼마예요?
241,- - 여기는 문을 몇 시부터 몇 시까지 열어예?
242,- - 일요일 날은 해예?
243,- - 여고생이 입을 수 있는 면 티셔츠 종류 있어요?
244,- - 남녀 공용인가 보네요?
245,- - 순면인가요?
246,- - 사이즈가 어떻게 나와요 95 90 이렇게 나와요?
247,- - 크게 나오네요?
248,- - 가격이 얼마 정도 돼요?
249,- - 롱 원피스 여기에 있는 거 다 맞죠?
250,- - 이거는 봄 신상품 아니에요?
251,- - 어디 저쪽이에요?
252,- - 나이 든 사람이 입어도 돼요?
253,- - 리본 달린 면이 앞인가요?
254,- - 허리 조이는 건 없네?
255,- - 어떤 스타일이 많이 나갔어요?
256,- - 카디건이랑 입는 게 낫다 그죠?
257,- - 이 안에 바지도 입을 수 있죠?
258,- - 거울에 한 번 비춰봐도 돼요?
259,- - 이거 많이 파여 있죠?
260,- - 안에 비치지는 않나요?
261,- - 지금 세일해서 얼마인가요?
262,- - 한 여름 되기 전까지 입어도 되겠네요?
263,- - 이쁘긴 한데 가격대가 조금 비싸요
264,- - 남자들 거 트렌치코트 종류 있어요?
265,- - 이게 신상품이에요?
266,- - 키가 72인데 이거는 길이가 어느 정도 와요?
267,- - 네이비 색상인가요?
268,- - 스판이 조금 안되는 거 같네요?
269,- - 키가 72에 몸무게 한 60이면 어느 정도 입어요?
270,- - 지금 세일 기간인가요?
271,- - 신상품이라서 할인 안 되나요?
272,- - 사가지고 반품이나 교환이 되나요?
273,- - 이게 나이 대가 어떻게 입어요?
274,- - 50대는 입기 좀 그렇겠죠?
275,- - 이거 20살 여학생 입을 수 있어요?
276,- - 신상 예쁜 거 있어요?
277,- - 이거는 좀 두꺼워 보이는데요?
278,- - 옷이 조금 무거운 것 같은데
279,- - 밝은 색상보다는 이게 나은가요?
280,- - 이게 지금 인기가 있나 보네요?
281,- - 관리는 어떻게 해야 돼요?
282,- - 구김이나 활동성은 어떤가요?
283,- - 소매 길이 수선 같은 거는 여기서 해주나요?
284,- - 여학생들도 많이 입나요?
285,- - 원피스 종류 있어요?
286,- - 이거 신상인가 보다 그죠?
287,- - 완전 흰색은 아니다 그죠?
288,- - 이게 지금 입으신 거랑 천이 똑같은 건가요?
289,- - 이거 밑에는 청바지 같은 거 입어도 되고 롱치마 입어도 되겠죠?
290,- - 안에 옷이 비치고 이런 건 아닌가요?
291,- - 이거는 얼마 정도 해요?
292,- - 원피스 종류 있어요?
293,- - 이건 날씬해야지 입을 수 있겠죠?
294,- - 이거 앞에 좀 많이 파인 거 아닌가요?
295,- - 이게 구김은 없는 편인가요?
296,- - 길이는 어느 정도 돼요?
297,- - 이거 완전 초여름이 될 때까지 입어도 되겠네요?
298,- - 결제는 카드 다 돼요?
299,- - 이거는 얼마 정도 해요?
300,- - 이거는 앞뒤 길이가 다르네요 그죠?
301,- - 반품 같은 거는 되나요?
302,- - 색상이 다른 것도 있나요?
303,- - 이거 비침 있나요?
304,- - 지금 다 신상으로 나온 거다 그죠?
305,- - 여기 몇 시까지 해요?
306,- - 이거 원피스인가요?
307,- - 블루 색상에 가깝네요 그죠?
308,- - 구김은 없겠다 그죠?
309,- - 허리 졸임은 없다 그죠?
310,- - 시폰인가요?
311,- - 팔 말고 다른 곳은 안 비친다 그죠?
312,- - 거울 한 번 비춰 봐볼게요
313,- - 길이는 무릎 아래 여기 종아리까지 오네요?
314,- - 안에 청바지도 입어도 되고요?
315,- - 목폴라도 같이 입어요?
316,- - 분홍색 티셔츠는 지금 얼마예요?
317,- - 카드는 하면 얼만데요?
318,- - 티셔츠는 못 입어 보죠?
319,- - 이거 길이는 어느 정도 와요? 뒤에 길이가 조금 틀리고 언밸런스한데요?
320,- - 소재가 면이에요?
321,- - 밖에 있는 아이보리 저거는 어떻게 입는 건가요?
322,- - 소매는 어디까지 오는 가요? 5부인가요?
323,- - 저거는 면 종류인가 봐요?
324,- - 약간 아이보리 빛이다 그죠?
325,- - 저거 얼마예요?
326,- - 현금했을 때 8만 원인가요?
327,- - 디피돼 있는 검은색요 요거 가죽이에요?
328,- - 봄에 나오는 신상인가요?
329,- - 비싸겠네요 저거?
330,- - 이것도 가죽인가요?
331,- - 현금이랑 카드랑 가격 똑같아요?
332,- - 요것도 가격 비슷해요?
333,- - 이거는 지금부터 입을 수 있는 거다 그죠?
334,- - 봄 옷 나왔나요?
335,- - 그럼 겨울 옷은?
336,- - 뭐 찾으시는데요?
337,- - 이거는 내한테 좀 크지 않을까요?
338,- - 저 재킷 이쁜데 어떠세요?
339,- - 이거는 어디 카피 같은데?
340,- - 이거는 사이즈가 어떻게 돼요?
341,- - 한 번 입어나 볼까?
342,- - 이 카디건은 어떻게 해요?
343,- - 요것도 겨울 세일하나요?
344,- - 이거는 브랜드 있어요?
345,- - 니트 원피스 사이즈가 어떻게 돼요?
346,- - 팔이 길게 나온건가요?
347,- - 어깨가 커 보이는데
348,- - 밑에는 레깅스나
349,- - 소재가 뭐예요?
350,- - 드라이클리닝 해야하나요?
351,- - 가격이 얼마예요?
352,- - 가격이 쎄네요
353,- - 이거는 무슨 모피예요?
354,- - 이것도 모피예요?
355,- - 이거 코트는 모 직포?
356,- - 이거는 겨울 조금 지나고 입어요?
357,- - 이거는 뭐예요?
358,- - 이거 뭐 카피더라?
359,- - 이거는 얼마예요?
360,- - 봄 옷 스키니 같은 거 어떤 거 있는지?
361,- - 다 세일하고요?
362,- - 부츠컷 바지 같은 경우에는 가격이 얼마 정도 해요?
363,- - 사이즈가 어떻게 돼요?
364,- - 소재가 뭐예요?
365,- - 이런 거는 얼마 해요?
366,- - 현금가에요?
367,- - 재질이 뭐예요?
368,- - 노란 거 이거는 봄 옷이다 그죠?
369,- - 이거는 원피스예요?
370,- - 빨간 원피스 이런 거는 얼마 해요?
371,- - 삼디기 메이커 그거예요?
372,- - 여기는 제일 작은 사이즈가?
373,- - 꽃무늬 잠바는 얼마씩 한대요?
374,- - 요 색깔하고 뭐 있어요?
375,- - 요거는 뭐예요 털 달린 거?
376,- - 이게 무슨 털이에요?
377,- - 폭스 엄청 비싸겠네요?
378,- - 옆에 있는 건 가죽이고?
379,- - 겨울 다 지났는데 세일 안 했나?
380,- - 수면 잠옷 같은 건 없나요?
381,- - 저런 건 얼마예요?
382,- - 바지만 사면 얼마예요?
383,- - 이거는 봄 옷이다 그죠?
384,- - 수면 바지는 사이즈 없나요?
385,- - 이거 계산 좀 해주세요
386,- - 현금해야 되죠?
387,- - 스카프는 얼마씩 해요?
388,- - 이 정장 사이즈 어떻게 되나요?
389,- - 손님 사이즈가 어떻게 되세요?
390,- - 화려한 정장이 필요해가
391,- - 한 번 입어보세요
392,- - 가격은 어떻게 하는 거예요?
393,- - 한 번 입어 볼게요
394,- - 허리는 얼마 정도예요?
395,- - 저거하고 이 바지랑 비슷한 거예요?
396,- - 바지도 약간 나팔이다 그죠?
397,- - 길이는 요새 이렇게 짧게 입나요?
398,- - 이거는 얼마 정도 해요?
399,- - 소재는 뭐죠?
400,- - 당연히 드라이 해야돼지요?
401,- - 이거는 더블 재킷이죠?
402,- - 빨간 코트 이거 재질이 뭐예요?
403,- - 이거 구찌네요?
404,- - 이런 거는 얼마예요?
405,- - 하얀 점퍼 봄에 입어도 되겠다 그러지 예?
406,- - 이거는 가격이 어떻게 돼요?
407,- - 패딩 안에 솜이에요?
408,- - 밑에 레깅스 입고 이거 입고?
409,- - 이건 무슨 옷이에요?
410,- - 이런 것도 겨울 거?
411,- - 원래는 얼마 정도예요 이거?
412,- - 블라우스 찾아요
413,- - 이건 면이예요?
414,- - 이거 사이즈 큰 거는 없나요?
415,- - 이런 하얀 거는 어떠세요?
416,- - 이거는 파란색 말고 또 뭐 있어요?
417,- - 이거는 가격이 어떻게 돼요?
418,- - 소재가 뭐예요?
419,- - 한 번 입어보자
420,- - 어디서 입어요?
421,- - 이거 입어 보실거예요?
422,- - 인디언 핑크와 조끼 한 번 입어보세요
423,- - 이거 하나 포장해주세요
424,- - 계산 좀 해주세요
425,- - 교환은 안되죠?
426,- - 여기는 5% 할인 안되는 거죠?
427,- - 어디서 입으실 거 찾으세요?
428,- - 몇 사이즈 입으시는데요?
429,- - 66 있죠?
430,- - 77로 한 번 입어볼게요
431,- - 검은색 저런 거는 얼마씩이에요?
432,- - 원피스죠 투피스인가요?
433,- - 신축성 있게 쭉 늘어나는 건 없어요?
434,- - 위에 마이 하나 걸치고 입으면 예쁘겠죠?
435,- - 원피스 좀 저렴한 거 없어요?
436,- - 누가 입으실건데요?
437,- - 사이즈가 몇 이예요??
438,- - 여기는 몇 시까지 열어놔요?
439,- - 신축성 있게 쭉 늘어나는 거예요?
440,- - 까만색 버클 달린 거는 얼마고 체크 원피스 얼마예요 가격이?
441,- - 카드도 돼요?
442,- - 현금으로 하면 좀 안 깎아줘요?
443,- - 현금으로 하면 이게 얼마쯤?
444,- - 이거 스웨터는 얼마해요?
445,- - 이거는 조끼잖아?
446,- - 조끼 되게 비싸네
447,- - 천 이름이 뭔데예?
448,- - 이것도 가격은 똑같아요?
449,- - 조끼랑 세트로 파는 거예요?
450,- - 조끼도 사이즈가 있나요?
451,- - 입어봐도 돼요?
452,- - 이게 회색이에요?
453,- - 요거 사이즈가 어떻게 돼요?
454,- - 요 사이즈밖에 없어요?
455,- - 이게 원피스인가요?
456,- - 조끼 원피스 같은 그런 건가 봐요?
457,- - 이건 2만 원이에요?
458,- - 사이즈 프리예요?
459,- - 이 면 티는 얼마인데요?
460,- - 따뜻할까요?
461,- - 이건 사이즈 몇 가지 있어요?
462,- - 이거는 남방이에요?
463,- - 이건 사이즈가 없나요?
464,- - 한 번 입어보세요
465,- - 누가 입으실건데요?
466,- - 딸이 많이 왜소하신 거예요?
467,- - 키는요?
468,- - 이거 6만 9900원이에요?
469,- - 세일 안 하고?
470,- - 안 사도 한 번 입어봐도 되죠?
471,- - 너무 큰 거 아니에요?
472,- - 이거는 세일해서 얼마예요?
473,- - 이거는 뭐예요 소재가?
474,- - 안에는 뻑뻑한데 뻐득뻐득하네요
475,- - 이게 사이즈가 있어요?
476,- - 이 털 빠지고 그러진 않나요?
477,- - 드라이해야 되죠?
478,- - 이건 얼마인데요?
479,- - 현금으로 하면 더 할인 해주나요?
480,- - 색깔은 연보라 밖에 없어요?
481,- - 이게 무스탕이라서 좀 많이 무겁네요?
482,- - 면 티는 얼마씩 해요?
483,- - 비침이 있어요?
484,- - 이거는 사이즈가 따로 안 나오겠는데요?
485,- - 이건 패딩이예요?
486,- - 가격은요?
487,- - 좀 비싸네요
488,- - 색상은 이 색상밖에 없어예?
489,- - 되게 커 보이는데요 사이즈가 뭐예요?
490,- - 이거는 얼마예요?
491,- - 그 남방은 얼마예요?
492,- - 개인적으로 이것도 예쁜데 어떠세요?
493,- - 그거는 원피스 아니에요?
494,- - 남방은 면 종류인가 봐요?
495,- - 세탁은 막 해도 되나?
496,- - 이거 조끼하고 바지는 한 벌이에요?
497,- - 따로 사도 되고?
498,- - 이런 조끼 말고 안에는 뭐 입어야 되겠어요?
499,- - 이게 다 손으로 누비신 거예요?
500,- - 얼마 정도 하는데요?
501,- - 이 조끼가 겨울용으로 나온 거예요?
502,- - 이거 소재가 뭐예요?
503,- - 면인데 구김이 잘 가네?
504,- - 바지는 얼마인데요?
505,- - 수입품이에요?
506,- - 코트에 그림도 손으로 직접 그린 건가요? 프린트한 건가요?
507,- - 가격이 어떻게 하는데요?
508,- - 이게 파카 스타일인가요?
509,- - 이 스웨터도 수입이에요?
510,- - 이 스웨터는 얼마 하는데요?
511,- - 스웨터 천이 앙고라예요?
512,- - 세탁은 마음대로 할 수 있어요? 세탁기에?
513,- - 까끌까끌하지 않을까?
514,- - 이것도 사이즈가 있나요?
515,- - 입어 봐도 될까요?
516,- - 카키도 있고 두 가지 색상이에요?
517,- - 한 번 입어볼까?
518,- - 이거는 카키색이가?
519,- - 이거는 사이즈가 몇 인데요?
520,- - 예쁜데 팔은 너무 긴 거 아니에요?
521,- - 이거는 소재가 뭔데요?
522,- - 이거 세탁은 세탁기 막 돌려도 돼요?
523,- - 이게 수입품 옷이에요?
524,- - 이거는 얼마인데요?
525,- - 현금이 없는데 현금으로 드려야하죠?
526,- - 카드 하면 얼마인데요?
527,- - 꽃무늬 원피스는 벌써 나왔어요?
528,- - 이거 사이즈가 있어요?
529,- - 이거는 프리사이즈로 나오는 거죠?
530,- - 색상은 이거 한 색상이에요?
531,- - 가슴 있는 쪽이 좀 많이 벌어졌네?
532,- - 안에 속치마는 다 있죠?
533,- - 얼마죠?
534,- - 이거 모직 코트예요?
535,- - 사이즈가 어떻게 되는데요?
536,- - 색상은요?
537,- - 모직이면 드라이해줘야 되겠네?
538,- - 입어나 볼까요?
539,- - 이 모직 코트는 지금 입을라 카면 조금 춥겠는데요?
540,- - 이거는 여기 밖에 단추가 없나요?
541,- - 얼마예요?
542,- - 이거는 모라서 좀 뻑뻑하게 들어간다 그죠?
543,- - 이거는 앙고라 치마예요?
544,- - 단추 다 열려요?
545,- - 이게 소재가 정확하게 뭐죠?
546,- - 가격은요?
547,- - 사이즈는?
548,- - 이거 치마 이거 입고 신발은 뭐 신어야 되나?
549,- - 울이 들어가 있어서 정전기 많이 일지 않나요?
550,- - 세탁은 어떻게?
551,- - 카드 결제돼요?
552,- - 남자애들 옷도 있나요?
553,- - 이게 남자 건지 여자 건지 헷갈려서요
554,- - 나이대가 어떻게 되세요?
555,- - 체격은 어때요?
556,- - 남자애들 흰색 회색 검정으로 맨투맨이나 후드티 좋아하거든요?
557,- - 이 티도 남자 거야?
558,- - 브랜드는 없고?
559,- - 사이즈는 프리사이즈로 나오는 거예요?
560,- - 이 마크가 일본 그쪽 마크인가 봐?
561,- - 이 흰색에 있는 브랜드하고 이거 하고 틀리나요?
562,- - 이거는 세일해서 얼마인데요?
563,- - 남자애들 입을 만한 잠바 스타일이나 이런 코트 스타일
564,- - 짧은 거 찾으세요?
565,- - 허리 한 32 정도 입겠네요?
566,- - 이거는 잠바로 들어가요 돋바로 들어가요?
567,- - 후드 돋바인가?
568,- - 사이즈는 한 사이즈 밖에 안 나와예?
569,- - 지금 철에 입을 수 있을까요?
570,- - 이건 얼마예요?
571,- - 체크무늬 색상 이거 하고 또 뭐 있어요?
572,- - 이거는 회색?
573,- - 현금하면 할인 더 해주나요?
574,- - 엄마 선물 해드릴거 찾는데요
575,- - 이거 패딩이잖아? 그죠?
576,- - 패딩인데 안에 털 있고?
577,- - 색상은 이거 밖에 없어요?
578,- - 이건 수박색?
579,- - 사이즈는 얼마 입으시는데요?
580,- - 이거는 검은색이가?
581,- - 이거는 얼마예요?
582,- - 다른 거 한 번 봐도 되죠?
583,- - 이거는 얼마예요?
584,- - 이건 사이즈가 어떻게 돼요?
585,- - 카드 해도 돼요?
586,- - 좀 더 깎으면 안 되나?
587,- - 이거는 원피스예요?
588,- - 이건 사이즈가 있나요?
589,- - 이거 카라는 떨어지는 거구나?
590,- - 이게 신축성이 좀 있나?
591,- - 이거 얼마인데요?
592,- - 이게 무릎 위까지 오나요?
593,- - 드라이를 해야 되나?
594,- - 저거는 스웨터식으로 나온 거예요?
595,- - 신상으로 나온거예요?
596,- - 신축성은 많이 없나 보네요?
597,- - 레깅스 뒤에 한 번 볼 수 있어요? 어떤 식으로 돼있는지?
598,- - 물세탁 해도 돼요?
599,- - 금액이 얼마 하는데요?
600,- - 보기보다는 비싸네
601,- - 할인은 좀 안 해주고?
602,- - 색상은 이거 말고 다른 것도 있어요?
603,- - 꽃무늬 원피스 있어요?
604,- - 벌써 나왔어요 봄 신상품이요?
605,- - 이거 사이즈가 있어요?
606,- - 신축성이 없네요?
607,- - 이거는 프리사이즈로 나오는 거죠?
608,- - 색상은 요거 한 색상이에요?
609,- - 가격은 얼마예요?
610,- - 가슴 있는 쪽이 좀 벌어졌네요?
611,- - 안에 속치마는 다 있죠?
612,- - 어른들 입을 따뜻한 거 내의 같은 거는 어디 있어요?
613,- - 어른들 연세가 많으셔요?
614,- - 여자분이세요? 남자분이세요?
615,- - 가격이 얼마예요?
616,- - 그게 너무 비싸면 이건 어때요?
617,- - 이거랑 그거는 뭐가 달라요?
618,- - 얼마나 입을 수 있어요?
619,- - 이거는 한 벌에 얼마예요?
620,- - 색상은 이게 전부예요?
621,- - 이거 잘 나가요?
622,- - 마스크 이건 얼마예요?
623,- - 연세 드신 분 입으시는 내의 있나요?
624,- - 사이즈는 얼마 보시는데요?
625,- - 가격대는 얼마예요?
626,- - 내복은 105 사이즈 자체가 안 나와요?
627,- - 실내복 좀 따뜻한 걸로 다른 거는 없어요?
628,- - 핑크색 실내복 저거는 얼마예요?
629,- - 젊은 사람이 입는 거죠?
630,- - 원피스 종류인거죠?
631,- - 그건 얼마에요?
632,- - 사이즈는 몇이에요?
633,- - 실내복이에요?
634,- - 못찾겠는데 어딨어요?
635,- - 이거는 소재가 뭐에요?
636,- - 음 실내복 이런 건 한 벌에 얼마씩 해요?
637,- - 잘 나가는 게 어떤 거예요?
638,- - 이거는 색깔 두가지예요?
639,- - 핑크색하고 베이지?
640,- - 요 밖에 진열된 건 이거밖에 없어요?
641,- - 한번 입어보시겠어요?
642,- - 소매가 조금 짧네요?
643,- - 이거 밖에는 인조 퍼예요?
644,- - 아 이게 양모예요?
645,- - 가격도 좀 있겠네요
646,- - 입다가 수선 가능한가요?
647,- - 음 현금해도 가격 똑같아요?
648,- - 가격대가 좀 그러니까 쉽게 결정은 못하겠다
649,- - 회색 한가지예요?
650,- - 저거 학생들 입기에 디자인이 괜찮은가요?
651,- - 얼마예요?
652,- - 이거는 드라이 해줘야 돼요?
653,- - 손빨래도 가능한가요?
654,- - 여기 택에 붙은 가격이에요?
655,- - 이거는 세일 안하나보네요?
656,- - 이쪽은 할인되는건가요?
657,- - 우리 딸 사줄려고 하는데요
658,- - 이거는 색 베이지밖에 없어요?
659,- - 이거 제품마다 할인율이 다 다르죠?
660,- - 이거는 검은색 하나밖에 없어요?
661,- - 이거 물빨래 해도 되나요?
662,- - 이거는 봄 신상이죠?
663,- - 이거는 색깔 베이지 하나밖에 없나요?
664,- - 이건 좀 너무 얇나요?
665,- - 이거는 50프로 할인하는 거에요?
666,- - 이거는 너무 나이들어 보이겠죠? 추천 좀 해 주세요
667,- - 코트 얇은 거 찾으세요?
668,- - 얼마인데요 이거는?
669,- - 오십프로 된거에요?
670,- - 회색은 어딨어요?
671,- - 사이즈는 55네요?
672,- - 요거는 색 검은색만 있어요?
673,- - 한 번 입어보세요
674,- - 이게 스판끼가 좀 있네요?
675,- - 소재가 뭐에요?
676,- - 내나 뭐 드라이 해야되겠다 그지예?
677,- - 따뜻한가요 이거?
678,- - 요거는 연베이지 이거밖에 없어요 색깔?
679,- - 니트 이것도 핑크색 밖에 없어요?
680,- - 요건 얼마에요?
681,- - 여기 일요일도 해요?
682,- - 이건 얼마에요? 글자에 써진 가격이에요?
683,- - 여기는 이월 매장이에요? 그러면 재작년거에요?
684,- - 이런거는 겨울옷인가요?
685,- - 컬러가 두 가지에요?
686,- - 이거는 운동복이에요?
687,- - 이게 그러면 칠만구천원이면 오십프로인가
688,- - 엉덩이 좀 더 덮는 거 없어요?
689,- - 이거는 얼마에요?
690,- - 이거는 봄옷인가요?
691,- - 이런 바지는 얼마인가요?
692,- - 이거는 할인 안되죠? 수선도 안되나요?
693,- - 한 번 입어봐도 될까요?
694,- - 티셔츠 종류는 뭐가 있나요?
695,- - 이런거는 얼마에요?
696,- - 원피스 종류는 어떤 게 있나요?
697,- - 세탁은 어떻게 하나요?
698,- - 사이즈는 얼마에요?
699,- - 행사상품인가요?
700,- - 이건 얼마인가요?
701,- - 한 번 입어보세요
702,- - 남방 종류는 다른 거는 없나요?
703,- - 봄 조끼 종류는 어디 있어요?
704,- - 검은조끼는 얼마에요?
705,- - 세탁은 어떻게 하나요?
706,- - 여기 앞에 베이지색 니트 원피스 이거는 울인가요?
707,- - 이것도 입으면 보풀은 일어나죠?
708,- - 지금 겨울용품 세일하는 건가요?
709,- - 이거는 지금 가격이 어떻게 돼요?
710,- - 아 이게 일자라인이죠?
711,- - 이게 많이 파였어요?
712,- - 티셔츠 좀 보려구요
713,- - 아이보리 니트 이거는 길이가 어느 정도 돼요?
714,- - 긴 티를 찾으세요?
715,- - 체형이 어떻게 돼요?
716,- - 위에는 오오사이즈 입어요
717,- - 밑에 청바지 같은 거 입고 입으면 되겠죠?
718,- - 롱스커트하고 입어도 괜찮죠?
719,- - 스커트 어떤 건데요 체크?
720,- - 이거 그러면 드라이 해야돼요?
721,- - 이거는 얼마 정도 해요?
722,- - 이거는 요새 입는 거에요?
723,- - 이게 연분홍이네요?
724,- - 그런데 이거 진주인가 이거 빠지지 않아요?
725,- - 이게 프리 사이즈인가요?
726,- - 예 현금하면 천원빠진다고 했죠?
727,- - 요거 스트라이프 베스트 이거 겨울용인가보다 그죠?
728,- - 이거 옷이 되게 반듯해보인다 모직인가보다 그죠?
729,- - 아 봄에도 입어도 된다 그죠?
730,- - 약간 정장스타일이네요 그죠?
731,- - 알겠습니다 저거는 얼마정도 해요?
732,- - 현금카드 똑같아요?
733,- - 이거 봄신상이에요?
734,- - 코트 말씀이신가요?
735,- - 체크가 유행인가보네요?
736,- - 이거 한 사십대 오십대가 입어도 되나요?
737,- - 이거는 가격대가 어느정도 돼요?
738,- - 세일해서 이십구만원이요 몇 프로 할인된 거에요?
739,- - 남자들 보통 무릎까지는 오죠?
740,- - 여자인 나도 같이 입어도 될거 같은데요?
741,- - 이 트렌치코트 봄신상이에요?
742,- - 한 번 입어볼 수 있어요?
743,- - 사이즈 백 하시면 돼요?
744,- - 남자들 봄 코트 좀 볼 수 있을까요?
745,- - 아 이거는 좀 두께가 적당하네 이거는 속겹이 좀 있어요?
746,- - 백사이즈 한번 줘보세요
747,- - 백오하셔야 될 것 같은데요?
748,- - 늘어나는 그런 맛도 없네 스판은 없어요?
749,- - 봄 자켓 있어요?
750,- - 내피가 두껍게 있네요?
751,- - 그런데 이게 구김도 아닌 것이 왜 이렇게 쭈글쭈글해요?
752,- - 가격은 얼마에요?
753,- - 좀 더 점잖은 거 없어요?
754,- - 이게 조금 더 정장스러운 데 어떠세요?
755,- - 이 가디건 이거는 앙고라 섞인 거에요?
756,- - 이건 어떨까요?
757,- - 한 번 입어봐도돼요?
758,- - 이거는 지금 얼마에요?
759,- - 아 작년 봄 옷인가보네요
760,- - 프리사이즈다 그죠?
761,- - 이거는 원피스 형으로 나온 거에요?
762,- - 허리 묶는 거에요?
763,- - 이거는 가격이 얼마에요?
764,- - 청바지랑 같이 입어도 되겠다 그죠?
765,- - 남방스타일이다 그죠?
766,- - 여기 여학생 티셔츠 맞아요?
767,- - 요즘에는 색상이 어떤 거 많이 입어요?
768,- - 여학생이죠?
769,- - 청바지에요 이거는 가격이 어떻게 해요?
770,- - 이거는요?
771,- - 음 기장은 이게 더 기네요 그죠?
772,- - 할아버지들 입는 잠바 보려고 하는데요
773,- - 음 체격이 어떠세요?
774,- - 그러면 소재가 패딩이에요?
775,- - 이거는 가격이 얼만데요?
776,- - 카키도 있네요?
777,- - 카키는 얼만데요?
778,- - 엄마들 입는 잠바 보려는데요
779,- - 엄마 연세가 어떻게 돼요?
780,- - 그런 색깔은 별로 안좋아하고 밝은 색 좋아하거든요
781,- - 저런 티셔츠는 얼마에요?
782,- - 좀 커보인다?
783,- - 이거는 앙고라가 섞여 있는 거에요?
784,- - 바지 같은 거는 어떤 거 있어요?
785,- - 이 코트 사이즈가 어떻게 돼요?
786,- - 어떤 거요 앞에 노란코트요?
787,- - 세일하나요 겨울제품은?
788,- - 저거는 얼마죠?
789,- - 세일해서?
790,- - 니트 종류는 뭐 있어요?
791,- - 니트는 저 앞 쪽에 있어요 겨울꺼 보시는 거에요?
792,- - 너무 달라붙는거 말고 없어요?
793,- - 네 고객님이 입으시면 좀 달라붙는데 완전히 헐렁한 거 찾으세요?
794,- - 이것도 세일합니까?
795,- - 목 폴라티 같은 거 있어요?
796,- - 지금 세일하는 것들 얼마 안남았어요 달라붙는 티를 찾으세요?
797,- - 색깔은 까만 색은 없나봐요?
798,- - 삼십프로 하면 얼마에요?
799,- - 코트는 얼마에요?
800,- - 신상은 언제 들어와요?
801,- - 겨울 상품 세일하나요?
802,- - 요런거 핸드메이드에요?
803,- - 세일은 얼마나?
804,- - 아 그래요 이런 거 검은 색 있으면 좋겠다
805,- - 기장이 좀 큰데?
806,- - 세일은 그러면 물건 정리될 때까지 계속하실거란거죠?
807,- - 이거는 핸드메이드에요?
808,- - 코트 이런 것들은 가격이 얼마에요?
809,- - 그런데 이런 거는 천이 모직인데 두껍기도 하고 무거울 거 같은데?
810,- - 안에 솜 들었네요?
811,- - 짧은거 이런 거는 얼만데요?
812,- - 모직 코트는 어디 있어요?
813,- - 모직 코트요?
814,- - 네이비네요 저런 건 너무 두꺼워 보인다고 해야되나?
815,- - 모직 코트 있어요?
816,- - 아 핸드메이드 종류는 없어요?
817,- - 목티같은 거는?
818,- - 얇은 것은 있는데 두꺼운 거 찾으세요 혹시?
819,- - 아이보리색 이거는 가격이 어떻게 되요?
820,- - 이거 사이즈 좀 안될 거 같다 내가 보니
821,- - 보기에 이게 천이 좋아보이네
822,- - 검은색 이거는 좀 작겠죠?
823,- - 목선이 이렇게 돼 있는거 큰 게 없나요?
824,- - 이거는 봄신상인가봐요?
825,- - 핸드메이드 이거는 가격이 어떻게 돼요 검은 색?
826,- - 혹시 디자인이 버튼이 롱 롱 되있는거 있나?
827,- - 소매 없는 이런 코트는 어떻게 해요?
828,- - 이런 목티는 얼마씩 해요?
829,- - 가격이 좀 세네요
830,- - 얼마라 그랬어요?
831,- - 내가 체격이 좀 있어서 혹시 핸드메이드는 없나요?
832,- - 폴라티인데 좀 두꺼운 폴라티 있나요?
833,- - 두꺼운거요?
834,- - 이것은 너무 두꺼울까요?
835,- - 사이즈는 넉넉하죠?
836,- - 면티같은 거 이런 거는 가격은 어떻게 돼요?
837,- - 이게 다 봄옷이에요?
838,- - 지금 겨울 옷은 없어요?
839,- - 이런 모직 소재도 봄옷인가요?
840,- - 찾는 스타일 있으세요?
841,- - 티셔츠에 프릴 달린 거는 뭐랑 입으면 돼요?
842,- - 뭐 특별히 찾으시는 게 있으세요?
843,- - 이런 블라우스 종류 아니면 이런 남방 종류도 잘 나갑니다 어떠세요?
844,- - 이런 거는 얼마에요?
845,- - 저처럼 키가 작은 사람들은 어떻게 입어요?
846,- - 제가 엉덩이가 좀 커서 기장이 좀 길었으면 하는데
847,- - 여기 밖에 있는 이거 안에 포장된 거 있어요?
848,- - 사이즈 뭐 필요하신데요?
849,- - 몇 개 필요하세요?
850,- - 엠보다 더 작은 거는 있어요?
851,- - 그러면 세 장하고 카드하면 가격이 얼만데요?
852,- - 그러면 엠사이즈로 세 장 주세요
853,- - 누가 입으세요?
854,- - 피팅룸 있어요?
855,- - 영수증 드릴까요?
856,- - 하나는 입고 나머지는 포장해 가실 건가요?
857,- - 화장실은 어디 있나요?
858,- - 전부 다 오십 프로에요?
859,- - 남자 옷 맞죠?
860,- - 어떤 거 찾으세요?
861,- - 이런 것도 오십 프로 하나요?
862,- - 이런 것도 남자들이 입나요?
863,- - 이 후드티 프린트된 거 말고 있나요?
864,- - 이거는 칠부인가요?
865,- - 이거는 봄상품 같은데 할인을 하네요?
866,- - 이 후드티는 얼마에요? 이거는 정가예요?
867,- - 이 색 말고는 없나요?
868,- - 후드 말고는 없나요?
869,- - 이 제품도 있는데 어떠세요?
870,- - 이런 조끼는 안에 뭐 들었어요?
871,- - 이런 거는 다 드라이 맡겨야 되죠?
872,- - 찾으시는 거 있으세요?
873,- - 봄 상품으로 찾으세요?
874,- - 이제 겨울 거는 들어간다고 할인하는 거예요?
875,- - 이월 상품은 언제 거예요?
876,- - 아울렛이에요?
877,- - 골프웨어 좀 길게 나온 게 있나요?
878,- - 이렇게 치마같이 나온 거는 뭐예요?
879,- - 그러면 바지 종류는 뭐 있어요?
880,- - 이렇게 매끌매끌한 거를 뭐라고 해요?
881,- - 물 빨래 해도 되나요?
882,- - 지금 이거는 얼마에요?
883,- - 여기는 브랜드가 뭐에요?
884,- - 조금 더 저렴한 거는 뭐 있어요?
885,- - 이런 건 면바지네요?
886,- - 이것도 여성 제품이에요?
887,- - 사계절 모자는 없나요?
888,- - 모자는 가격이 어느 정도 하나요?
889,- - 할인 같은 거는 없어요?
890,- - 정장 바지인데요 혹시 기모 들어가 있는 거 있어요?
891,- - 색상은 뭐 있어요?
892,- - 이 사이즈는 얼마 정도 하는데요?
893,- - 혹시 사고 반품은 안되겠죠?
894,- - 이 코트는 사이즈가 어떻게 돼요?
895,- - 이거는 얼마예요?
896,- - 이거 드라이 맡겨도 돼요?
897,- - 색깔은 뭐 있어요?
898,- - 저거는 얼마예요?
899,- - 한 번 입어보세요
900,- - 이거 현금으로 하면 더 싸요?
901,- - 저거는 얼마에요?
902,- - 이거는 뭘로 돼 있는 거예요?
903,- - 고무줄 자국 안 나는 거 있어요?
904,- - 누가 입으실 겁니까?
905,- - 이게 신으면은 흘러내리지는 않아요?
906,- - 제가 신은 이런 양말은 없나요?
907,- - 이거는 남자 거예요?
908,- - 색상이 이렇게 두 개 밖에 없어요?
909,- - 이거는 얼마예요?
910,- - 수면양말 긴 거는 없어요?
911,- - 토시는 어떤 건데요?
912,- - 실내화 남자 거 저게 제일 큰 거예요?
913,- - 이거는 얼만데요?
914,- - 일단 이거만 살게요
915,- - 엄마들 입을 건데요 좀 밝은 색으로요
916,- - 기장은 좀 짧고 옆으로 좀 큰 거 있어요?
917,- - 사이즈는 어떻게 되시는데요?
918,- - 바지는 어떤 거 있어요?
919,- - 사이즈가 어떻게 되는데요?
920,- - 이거는 얼마예요?
921,- - 네 그러면 살게요
922,- - 현금영수증 줘요
923,- - 아들 입을 거 한 번 보려고요
924,- - 허리 사이즈가 어떻게 되는데요?
925,- - 그거 한 번 보여줘 보세요
926,- - 나이가 어떻게 되는데요?
927,- - 이거는 허리가 몇인데요?
928,- - 그러면요 샀다가 바꾸러 오면 좀 그렇겠죠?
929,- - 이거는 얼마예요?
930,- - 이거 쓰리 엑스라지에요?
931,- - 이거 겨울 바지예요?
932,- - 이런 거는 얼마예요?
933,- - 좀 입어봐도 될까요?
934,- - 이거는 얼마예요?
935,- - 이거 드라이해야 해요?
936,- - 이런 바지는 저한테 사이즈가 몇이면 돼요?
937,- - 엄마들 거는 어디 있어요?
938,- - 색깔은 뭐 있어요?
939,- - 입어볼 수 있어요?
940,- - 카드 돼요?
941,- - 환불은 돼요?
942,- - 교환하려면 영수증 필요해요?
943,- - 이 티셔츠는 뭔데 두 장에 만 원이에요?
944,- - 다른 것도 세일해요?
945,- - 이거는 신상이라서 세일 안 하고요?
946,- - 이 니트 원피스는 얼마에요?
947,- - 이게 무릎이 나오지 않을까요?
948,- - 이거는 드라이해야 돼요?
949,- - 색깔 뭐 있어요?
950,- - 와인색은 없나요?
951,- - 그러면 이만 원짜리 이거 어떠세요?
952,- - 몸뻬 바지 저런 거는 어떻게 해요?
953,- - 이거는 색상이 지금 뭐 뭐 있어요?
954,- - 지금 입기 좋은 통바지 같은 거는 없어요?
955,- - 이거는 소재가 뭐예요?
956,- - 얼마예요?
957,- - 이 티셔츠는 프리에요?
958,- - 한 번 입어보세요
959,- - 이 조끼는 얼마예요?
960,- - 색상이 이거밖에 없어요?
961,- - 이 코트는 얼마예요?
962,- - 겨울 옷은 없나요?
963,- - 이거는 얼마예요?
964,- - 사이즈는 어떻게 돼요?
965,- - 짧은 걸 좀 보려고 왔는데
966,- - 이거는 얼만데요?
967,- - 이거 입으면 엉덩이가 나오지요?
968,- - 이런 거는 얼마예요?
969,- - 엄마들 세타 이런 거 검정으로 있어요?
970,- - 파란 거 찾는데
971,- - 이런 거는 사이즈가 프리에요?
972,- - 이거 사이즈 큰 거 없어요?
973,- - 사이즈 삼십팔이 입을만한 옷은 뭐가 있어요?
974,- - 나이가 어떻게 되시는데요?
975,- - 덧신 이게 다예요?
976,- - 겨울에 양모 들어간 거 있던데?
977,- - 좀 더 예쁜 거 하트 들어간 거 있나요?
978,- - 그럼 이게 가격이?
979,- - 저건 발목도 길고 칠천 원이면 사겠던데
980,- - 그거 두 개뿐이에요?
981,- - 이거 성인 여성들이 신는 거예요?
982,- - 그 몇 문까지 신을 수 있어요?
983,- - 따뜻하게 신을 수 있는 양말 없을까요?
984,- - 이거 미끄러질 거 같은데?
985,- - 수면양말 이건 얼마예요?
986,- - 어른들 내의류는 얼마 정도에요?
987,- - 안에 뭐 들어가 있나요?
988,- - 여기 구입하면 포장도 해주세요?
989,- - 원하시는 사이즈는요?
990,- - 사이즈는 백오 있나요?
991,- - 이거 얼마예요?
992,- - 좀 진한 색 있음 좋은데
993,- - 여기는 몇 시부터 몇 시까지 열어요?
994,- - 주말에도?
995,- - 머플러 이거는 소재가 뭐에요?
996,- - 크기는 어느 정도 되요?
997,- - 얼만큼 큰데요?
998,- - 이건 캐시미어 백프로에요?
999,- - 비싸겠네?
1000,- - 이거는 삼만이천원이에요?
1001,- - 이게 색깔 종류가?
1002,- - 이게 이십프로 해서 그거에요?
1003,- - 이거 울도 이십 프로 할인해요?
1004,- - 색깔이?
1005,- - 이런 컬러도 안 괜찮아요?
1006,- - 내한테 마음에 드는 브라운 색깔이 아닌데?
1007,- - 할인은 계속하지요?
1008,- - 저기 물어볼 것이 있습니다
1009,- - 네 무엇이 필요하신가요?
1010,- - 혹시 이 옷 다른 사이즈가 있을까요?
1011,- - 아 잠시만요 창고에 가서 찾아보도록 하겠습니다
1012,- - 아 네 그럼 이 옷으로 고르겠습니다
1013,- - 네 금액은 59000원인데 일시불로 하시나요?
1014,- - 한 번 둘러봐도 되죠?
1015,- - 혹시 검은 스키니 바지 있나요?
1016,- - 이 바지 얼마인가요?
1017,- - 하나 주세요
1018,- - 네 결제는 어떻게 도와드릴까요?
1019,- - 요즘 입을 만한 블라우스 추천 좀 해주세요
1020,- - 어느 분이 입으실 건가요
1021,- - 혹시 사이즈가 어떻게 되나요
1022,- - 그럼 이 아이보리 색상 심플한데 어떠세요
1023,- - 아 네 괜찮은 거 같은데 색상이 또 뭐가 있나요?
1024,- - 아 네 그럼 그 색상도 좀 볼까요?
1025,- - 입어볼 수 있을까요?
1026,"- - 네, 몇 개 입어보시겠어요?"
1027,- - 화장을 했는데 괜찮을까요?
1028,- - 죄송하지만 다른 사이즈로 입어보고 싶은데요.
1029,"- - 그럼요, 어떤 사이즈로 가져다 드릴까요?"
1030,"- - 양복 사러 왔는데, 제가 잘 몰라서 그런데 추천해주실 수 있나요 ?"
1031,- - 이 두 모델 다 4계절 내내 입을 수 있는 거에요 ?
1032,- - 그럼 네이비 색상 입어 볼 수 있을까요?
1033,- - 바지가 좀 길어서 그런데 여기서 수선도 맡겨주시나요?
1034,- - 그러면 이 네이비 제품 주시고 바지기장도 좀 줄여주세요.
1035,- - 남녀공용 의류는 어디에 있나요?
1036,- - 색은 검은색밖에 없나요?
1037,- - 그럼 흰색 상품을 주문할 수 있나요?
1038,- - 주문하면 얼마나 기다려야 하나요?
1039,- - 현금영수증 가능한가요?
1040,- - 마네킹에 피팅된 옷 새 제품이 있나요?
1041,- - 이 후드티 사이즈 90이 있나요?
1042,- - 청바지를 좀 사고 싶은데 추천해주실 수 있나요?
1043,- - 이 옷 한 번 입어봐도 되나요?
1044,- - 할부로 결제가 되나요?
1045,- - 몇 개월로 할부해드릴까요?
1046,- - 이 티 색상이 어떻게 나와요?
1047,- - 화이트는 없나요?
1048,- - 그럼 화이트 주문 되나요?
1049,- - 이거 블랙으로 입어봐도 되나요?
1050,- - 좀 끼는것 같지 않아요?
1051,- - 상의 입어볼 수 있나요?
1052,- - 옷 택배로 받을 수 있을까요?
1053,- - 카드 무이자 행사 있나요?
1054,- - 수선 바로 가능한가요?
1055,"- - 교환, 환불은 언제까지 가능하죠?"
1056,- - 올해 봄 신상 나왔나요?
1057,- - 이 원피스 S 사이즈 있나요?
1058,- - 혹시 이 원피스에 어울릴만한 스카프도 있을까요?
1059,- - 이 스카프 다른 색상은 어떤게 있나요?
1060,- - 내일 중요한 일이 있는데 옷 추천해주실 수 있나요?
1061,- - 네 어떤 날이신가요?
1062,- - 그러면 평소 좋아하시는 색상 있으세요?
1063,- - 이 원피스는 어떠세요?
1064,- - 사이즈가 어떻게 되나요?
1065,- - 조금 길이가 긴 스타일이 있을까요?
1066,- - 반팔 티셔츠 어디있나요?
1067,- - 1열은 어디에 있죠?
1068,- - 저를 데려다 주시면 안될까요?
1069,- - 여기가 남자 코너가 맞나요?
1070,- - 남자 반팔 티셔츠가 있는 곳으로 데려다 주시겠어요?
1071,- - 이거 환불 되나요?
1072,- - 네. 영수증이랑 카드 들고 오셨나요?
1073,- - 영수증을 안 들고 왔는데 괜찮나요?
1074,- - 알겠습니다. 후드 티는 어디 있나요?
1075,- - 이 후드 티 다른 치수 있나요?
1076,- - 상품권으로 결제할 수 있나요?
1077,- - 이 원피스 얼마에요?
1078,- - 롯데포인트카드 있는데 추가할인 안되나요?
1079,- - 이거 55사이즈 있나요?
1080,- - 잘 어울리는 것 같아요?
1081,- - 카드결제 무이자 6개월 되나요?
1082,- - 이거 55 있어요?
1083,- - 어디서 입어봐요?
1084,- - 환불은 언제까지돼요?
1085,- - 세일기간에 산 것도 교환 환불돼요?
1086,- - 영수증 챙겨와야하죠?
1087,- - 졸업식에 입을만한 옷이 있을까요?
1088,- - 얌전한 스타일로 추천해주세요
1089,- - 이런 스타일은 어떤가요?
1090,- - 그건 좀 화려한데 좀 더 차분한 스타일은 없나요?
1091,- - 그럼 이런 정장 스타일로 입어보시겠어요?
1092,- - 이걸로 결제해 드릴까요?
1093,- - 네 카드로 결제할게요
1094,- - 내가 입을 만한 옷이 있을까요
1095,- - 몸매가 드러나지 않는 옷으로 골라 주세요
1096,- - 이건 어떠세요
1097,- - 입어봐도 될까요?
1098,- - 가격은 얼마인데요?
1099,- - 후드 티를 사고 싶은데 옷 있나요?
1100,"- - 네, 찾으시는 색깔이 있으신가요?"
1101,- - 큰 사이즈도 있나요?
1102,- - 88사이즈로 하나 갖다 주세요.
1103,- - 입어봐도 되나요?
1104,- - 코트 좀 보러 왔는데요
1105,- - 특별히 찾으시는 종류 있으신가요?
1106,- - 가격대가 어떻게 되나요?
1107,- - 더 저렴한 건 없나요?
1108,- - 다른 곳도 한번 돌아보고 올게요
1109,- - 학생들 교복 속에 입는 하얀티 있나요?
1110,- - 어떻게 다른데요?
1111,- - 얇은 면으로 목부분이 너무 답답하지 않았으면 좋겠어요
1112,- - 네 90사이즈로 5개 주세요
1113,- - 카드로 계산할게요
1114,- - 이 옷 얼마에요?
1115,- - 혹시 더 큰 사이즈도 있나요?
1116,- - 색상은 이거 하나인가요?
1117,- - 안맞으면 교환 환불 가능한가요?
1118,- - 이거 계산해주세요
1119,- - 이 원피스 사이즈 있을까요?
1120,- - 네 사이즈 말씀해주세요
1121,- - 괜찮은가요?
1122,- - 다른 색상도 있나요?
1123,- - 네 그것도 한번 보여주세요
1124,- - 저 회사 면접 때문에 정장 보러 왔습니다
1125,- - 요즘 면접용 정장이 새로 나왔는데 보여드릴까요?
1126,- - 네 보여주세요
1127,- - 한번 입어봐도 될까요??
1128,- - 네 됩니다 사이즈는 어떻게 입으시나요?
1129,- - 이 옷 가격은 얼마인가요?
1130,- - 할인 적용되는 상품인가요?
1131,- - 이 옷은 할인 적용되는 옷인가요?
1132,- - 몇 프로 할인 적용되나요?
1133,- - 할인 적용하면 가격이 어떻게 되나요?
1134,- - 혹시 후드 티 있나요?
1135,- - 이 옷 색상이 한 가지인가요?
1136,- - 이 옷 100사이즈 있나요?
1137,- - 혹시 옷 입어볼 수 있어요?
1138,- - 얼마에요?
1139,- - 청바지 사러 왔습니다
1140,- - 요즘엔 어떤 스타일이 유행하죠?
1141,- - 한번 입어봐도 되나요?
1142,- - 네 허리 몇 입으시죠?
1143,- - 31 정도 되는데 31은 없죠?
1144,- - 그럼 입어보게 31로 가져다주세요
1145,- - 바람막이 점퍼 있나요?
1146,- - 노란색으로 95 사이즈 있나요?
1147,- - 입어봐도 되나요?
1148,- - 좀 작은 것 같지 않나요?
1149,- - 점퍼에 어울리는 모자 있나요?
1150,- - 이 모자는 어떠세요?
1151,- - 이 패딩은 가격이 얼마인가요?
1152,- - 너무 비싼 것 같네요
1153,- - 이 제품도 가격대가 비슷한가요?
1154,- - 그럼 이걸로 구매하겠습니다
1155,- - 사이즈는 괜찮으신가요?
1156,- - 이 후드티 사이즈 더 있나요?
1157,- - 어떤 사이즈 원하세요?
1158,- - 이 맨투맨은 어떠세요?
1159,- - 이거는 xl 사이즈 있나요?
1160,- - 네 한 번 입어보시겠어요?
1161,- - 피팅룸은 어디죠?
1162,- - 트레이닝 바지 좀 보려는데요
1163,- - 혹시 찾으시는 제품 있으세요?
1164,- - 본인이 입으시는 거시죠?
1165,- - 친구분이 성별이 어떻게 되세요?
1166,- - 그럼 요즘 남성분들께서 자주 구매하시는 이 제품 어떠세요?
1167,- - 괜찮아 보이는데 라지 사이즈도 있나요?
1168,- - 셔츠 종류 있나요?
1169,- - 하늘색 스트라이프 셔츠도 있나요?
1170,- - 라인이 들어간 것도 있나요?
1171,- - 제일 큰 사이즈는 어떤 게 있나요?
1172,- - 카드 결제 가능한가요?
1173,- - 양복 맞추려고 하는데요
1174,- - 그래요? 치수 좀 잴게요
1175,- - 예 어느 계절에 입을 거예요?
1176,- - 조끼도 하실 거죠?
1177,- - 네 살 뺄 거라서 약간 작게 만들어주세요
1178,- - 제작하는데 10일 정도 걸려요
1179,- - 혹시 이 옷 색상이 블랙이랑 레드가 전부인가요?
1180,- - 죄송한데 혹시 그럼 다른 매장에 퍼플색 있는지 확인 좀 해주실 수 있을까요?
1181,- - 사이즈는 어떻게 되시죠?
1182,- - 혹시 지금 구매하러 갈 건데 키핑 좀 해달라고 해주실 수 있나요?
1183,- - 여기서 명동점까지 가려면 어떻게 가는 게 제일 빠르죠?
1184,- - 여기가 유튜브에 나온 그 가게 맞나요?
1185,- - 네 언제 입으시려고 하시는 건가요?
1186,- - 아 그럼 정장 처음 맞춰보시나요?
1187,- - 그럼 기본으로 블랙이나 네이비가 제일 무난하세요
1188,- - 그럼 저는 블랙 계열로 맞추고 싶어요
1189,- - 저는 이 스타일이 마음에 드는데
1190,- - 이 티셔츠 라지 사이즈 있나요?
1191,- - 혹시 이거 환불 가능한가요?
1192,- - 어떤 게 저한테 더 잘 어울리나요?
1193,- - 남자 옷은 어느 쪽에 있나요?
1194,- - 옷 입어볼 수 있나요?
1195,- - 바지 좀 사고 싶은데요
1196,- - 어떤 스타일을 찾으시나요?
1197,- - 캐주얼하게 입을 바지가 있나요?
1198,- - 28사이즈로 입어볼 수 있을까요?
1199,- - 이 바지는 얼마인가요?
1200,- - 카드로 결제 가능하죠?
1201,- - 남성 정장을 구입하려는데요
1202,- - 어느 분이 입으실 건가요?
1203,- - 그럼 슬림 핏으로 된 정장을 보여드릴까요?
1204,- - 그럼 점원께서 추천 좀 해주세요
1205,- - 고객님 이 디자인은 어떠신지요?
1206,- - 괜찮은 거 같은데 혹 아들이 마음에 안 든다고 하면 교환 가능한지요?
1207,- - 사이즈는 상의 95 하의는 30으로 상품 포장 부탁드립니다
1208,- - 옷 좀 구경할 수 있을까요?
1209,- - 네 찾으시는 제품 있으세요?
1210,- - 혹시 이 제품 다른 색은 없나요?
1211,- - 입어봐도 될까요?
1212,- - 지금 세일하나요?
1213,- - 신상도 똑같이 세일하나요?
1214,- - 원피스 종류도 있나요?
1215,- - 원피스 중에 잘 나가는 제품 하나만 추천해주세요
1216,- - 사이즈가 따로 있나요?
1217,- - 엄마 생신 선물 드리려고 하는데요
1218,- - 어머님 나이대가 어느 정도 되세요?
1219,- - 이 중에 제일 잘 나가는 건 어떤 거예요?
1220,- - 이건 얼마예요?
1221,- - 포인트 사용하면 할인되나요?
1222,- - 롱패딩 있나요?
1223,- - 얼마예요?
1224,- - 세일하는 건 없나요?
1225,- - 검은색 말고 남색은 없나요?
1226,- - 이 옷 55사이즈 있나요?
1227,- - 검은색으로 사고 싶은데요
1228,- - 다른 색은 어떤 게 있나요?
1229,- - 그럼 흰색 주세요
1230,- - 55사이즈 맞으실까요?
1231,- - 맨투맨은 어느 쪽에 있어요?
1232,- - 맨투맨에 프린트되어있는 디자인은 이게 전부인가요?
1233,- - 이 맨투맨은 컬러가 이렇게 3가지인가요?
1234,- - 그럼 oo 컬러 재입고는 언제인가요?
1235,- - 그럼 나머지 3가지 컬러 중에서 제일 인기 있는 컬러는 뭐예요?
1236,- - 상의도 입어봐도 되나요?
1237,- - 이 옷이랑 같은 제품 검은색도 있을까요?
1238,- - 그러면 비슷한 옷 좀 찾아주실 수 있을까요?
1239,- - 이 옷은 얼마인가요?
1240,- - 이 목도리랑 같이 계산해주세요
1241,- - 브이넥 니트 할인되는 건 여기 있는 게 다인 가요?
1242,- - 몇 프로 할인되는 건가요?
1243,- - 사이즈는 어떻게 되나요?
1244,- - 한번 입어봐도 될까요?
1245,- - 그럼 환불 또는 교환 가능한가요?
1246,- - 면접 볼 때 어울리는 옷 추천해주실 수 있나요?
1247,- - 이런 종류 옷은 얼마 정도 하나요?
1248,- - 이 옷으로 저한테 맞는 사이즈 갖다 주실 수 있나요?
1249,- - 조금 품이 큰데 딱 맞게 입는 게 낫죠?
1250,- - 이 옷 포장해주시고 카드 결제 가능하죠?
1251,- - 여기 혹시 성인 남자 바지도 판매하나요?
1252,- - 따뜻하게 입을만한 바지 추천해주시겠어요?
1253,- - 색상은 검정뿐인가요?
1254,- - 네이비 색상 100사이즈 있나요?
1255,- - 이걸로 구매할게요
1256,- - 혹시 세일 상품 있나요?
1257,- - 반팔을 좀 보고 싶은데요
1258,- - 그럼 이 셔츠 XL 사이즈 있나요?
1259,- - 사이즈가 좀 커 보이지 않나요?
1260,- - 그럼 이 셔츠 L 사이즈로 계산해주세요
1261,- - 검은색 코트를 찾고 있는데요
1262,- - 아 제가 찾고 있는 게 양복에 잘 어울릴만한 깔끔한 스타일인 데 있을까요?
1263,- - 저희가 3가지 종류가 들어왔는데 한번 보시겠어요?
1264,- - 오버핏 말고 슬림핏을 찾고 있는데 혹시 있을까요?
1265,- - 아 그리고 슬랙스는 어느 쪽에 있나요?
1266,- - 이거 입어봐도 돼요?
1267,- - 사이즈가 어떻게 되죠?
1268,- - 한 치수 큰 걸로 드릴까요?
1269,- - 다른 것도 볼게요
1270,- - 이 블라우스는 무슨 무슨 색 있나요?
1271,- - 사이즈는요?
1272,- - 하얀색 66 입어볼 수 있나요?
1273,- - 어울릴만한 치마도 하나 추천해주세요
1274,- - 네 그럼 같이 입어볼게요
1275,- - 이 카디건은 얼마인가요?
1276,- - 이 바지는요?
1277,- - 이거 두 개 살게요
1278,- - 카카오페이로 결제 가능한가요?
1279,- - 그럼 카카오페이로 결제해주세요
1280,- - 저에게 어울리는 청바지를 찾아주세요
1281,- - 어떤 스타일의 청바지를 원하세요?
1282,- - 그럼 이런 슬랙스 스타일의 청바지는 어떠세요?
1283,- - 조금 더 진한 색의 청바지 있을까요?
1284,- - 네 이 청바지 어떠세요?
1285,- - 이거 한 번 입어봐도 될까요?
1286,- - 이거 S 사이즈 있을까요?
1287,- - 주문은 가능할까요?
1288,- - 그럼 같은 디자인으로 다른 색상 있나요?
1289,- - 입어 볼 수 있을까요?
1290,- - 이 옷 이 색 말고 다른 색도 있나요?
1291,- - 블랙 색상 사이즈 100으로 입어봐도 될까요?
1292,- - 죄송한데 이건 너무 큰 것 같아서 95로 갖다 주세요
1293,- - 이거 계산해 주세요
1294,- - 포인트 적립되나요?
1295,- - 간절기용 티셔츠 좀 볼 수 있나요
1296,- - 남자용입니다
1297,- - 이게 괜찮은데 105사이즈 있나요
1298,- - 같은 사이즈로 회색하고 갈색 두 종류를 보고 싶습니다
1299,- - 입어봐도 됩니까
1300,- - 옷 좀 구경하러 왔어요
1301,- - 어떤 스타일을 찾으세요?
1302,- - 롱 원피스 종류 있어요?
1303,- - 한번 보여주시겠어요?
1304,- - 플라워 패턴도 있나요?
1305,- - 다른 칼라도 있나요?
1306,- - 티 좀 보려고 하는데요
1307,- - 요즘 제일 핫한 게 어떤 스타일이에요?
1308,- - 어느 분이 입으실 건가요?
1309,- - 연령대가 어떻게 되세요?
1310,- - 체형은요?
1311,- - 요즘 핫한 상품이 뭐예요?
1312,- - 좀 보여주세요
1313,- - 이거 사이즈 M 있나요?
1314,- - 언제 재입고 되나요?
1315,- - 그냥 L 사이즈로 사겠습니다
1316,- - 이 옷은 사이즈가 어떻게 나와요?
1317,- - 혹시 입어볼 수 있을까요?
1318,- - 피팅룸에서는 한 번에 몇 벌까지 입어볼 수 있어요?
1319,- - 라지 사이즈를 입어보고 싶은데 디피가 안 되어있습니다
1320,- - 왼쪽 벽에 걸려있었습니다
1321,- - 남자친구 생일선물로 살 옷 추천 좀 해주세요
1322,- - 남자친구 나이가 몇 살인가요?
1323,- - 키는 어느 정도인가요?
1324,- - 체격이 마른 편인가요?
1325,- - 그럼 새로 나온 이 니트는 어떠세요?
1326,- - 사이즈 안 맞으면 교환 가능한가요?
1327,- - 40대 여성에게 어떤 옷이 어울릴까요?
1328,- - 이 제품 다른 무늬는 없나요?
1329,- - 이 제품 M사이즈로 하나 주세요
1330,- - 그럼 하나 큰 사이즈로 주세요
1331,- - 포장은 따로 필요 없으신가요?
1332,- - 선물용으로 포장해 주세요
1333,- - 둘러볼게요
1334,- - 여기요 이거 라지 있나요
1335,- - 네 입어보시겠어요
1336,- - 잘 맞아요 입고 갈게요
1337,- - 입고 오신 옷 넣어드릴까요
1338,- - 여기 양말은 어디 있나요?
1339,- - 건강 발가락 양말도 저기 있나요?
1340,- - 브랜드가 이것뿐인가요?
1341,- - 그럼 언제 들어오나요?
1342,- - 그럼 재고 들어올 때 연락 주세요
1343,- - 50대 여성에게 선물로 드릴만 한 옷이 있을까요?
1344,- - 선호하는 옷 종류가 따로 있으실까요?
1345,- - 그럼 이런 연한 핑크색의 등산복 종류가 어떠세요?
1346,- - 어머니 몸매가 이 정도 되시는데 사이즈가 어느 게 맞을까요?
1347,- - 한 이 정도인 거 같은데 그래도 일단 사 가고 안 맞으면 교환 가능하죠?
1348,- - 삼성페이로 결제 가능한가요?
1349,- - 원피스 있나요?
1350,- - 네 어떤 스타일 보여드릴까요?
1351,- - 네 55사이즈로 보여드릴까요?
1352,- - 네 치마 길이 긴 디자인은 없나요?
1353,- - 그럼 이 제품으로 주세요
1354,- - 네 더 필요하신 건 없으세요?
1355,- - 이 바지 다른 사이즈 있나요?
1356,- - 네 어떤 사이즈로 보여드릴까요?
1357,- - 컬러는 이게 다인가요?
1358,- - 혹시 찾으시는 색상 있으신가요?
1359,- - 블랙이나 차콜 그레이 있어요?
1360,- - 지금 바로 볼 수 있나요?
1361,- - 이 옷 사이즈 있나요?
1362,- - 어떤 옷 말씀이세요?
1363,- - 이 원피스 66사이즈 있나요?
1364,- - 정 사이즈로 나온 옷인가요?
1365,- - 한 번 입어봐도 될까요?
1366,- - 이 옷으로 포장해주세요
1367,- - 여기 신상품 좀 소개해 주세요
1368,- - 어떤 종류를 찾으시나요?
1369,- - 이쪽으로 와 보시겠어요?
1370,- - 이건 가격이 어떻게 되나요?
1371,- - 한 번 입어 봐도 될까요?
1372,- - 이걸로 하고 싶어요
1373,- - 카드로 결제하시겠어요?
1374,- - 심플한 디자인의 원피스를 보고 있는데요?
1375,- - 이런 스타일은 어떠신가요?
1376,- - 색상은 뭐가 있죠?
1377,- - 사이즈는 어떻게 되어있나요?
1378,- - 입어볼 수 있나요?
1379,- - 얼마인가요?
1380,- - 이번 겨울 신상 코트는 어느 쪽에 있나요?
1381,- - 신제품들만 따로 적용되는 이벤트 같은 것은 없나요?
1382,- - 혹시 이월 상품들은 할인이 따로 들어가 있나요?
1383,- - 이월 상품들은 어디에 있나요?
1384,- - 이월 상품들은 제가 입어볼 수 있나요?
1385,- - 이 치마는 무슨 무슨 색 있어요?
1386,- - 사이즈는 어떻게 나오나요?
1387,- - 치마랑 어울릴 만한 니트 있나요?
1388,- - 이것도 66사이즈 있나요?
1389,- - 그럼 치마랑 니트 하나씩 구매할게요
1390,- - 네 더 필요한 건 없으세요?
1391,- - 이 니트 프리사이즈인가요?
1392,- - 혹시 미디엄 사이즈 있어요?
1393,- - 혹시 피팅 가능할까요?
1394,- - 혹시 블랙 말고 다른 색상도 있어요?
1395,- - 3 컬러 전부 입어볼 수 있을까요?
1396,- - 여성 청바지 종류 좀 보여주세요
1397,- - 일자바지면서 9부 바지 있나요?
1398,- - 이것은 신상인데 어떠세요?
1399,- - 입어봐도 되나요?
1400,- - 제 몸에 잘 어울리는 것 같나요?
1401,- - 이 바지는 할인되나요?
1402,- - 빅 사이즈 옷을 찾고 있는데 있을까요?
1403,- - 좀 둘러보겠습니다
1404,- - 이 옷은 컬러가 블랙 하나인가요?
1405,- - 사이즈는 몇까지 나오나요?
1406,- - 그럼 이거 77사이즈로 새 제품으로 준비해줄 수 있을까요?
1407,- - 블라우스를 구매하고 싶은데요
1408,- - 네 찾으시는 디자인이 있나요?
1409,- - 프릴이 있는 디자인이 있나요?
1410,- - 이 블라우스는 다른 색상은 없나요?
1411,- - 분홍색 66사이즈 주시겠어요?
1412,- - 현금으로 결제할게요
1413,- - 현금영수증 해드릴까요?
1414,- - 이번에 새로 나온 패딩이 어떤 건가요?
1415,- - 색상은 어떤 것이 있나요?
1416,- - 블랙 색상 110 사이즈 재고가 남아있나요?
1417,- - 그러면 110사이즈가 있는 색상은 어떤 건가요?
1418,- - 네이비 110사이즈 입어볼 수 있나요?
1419,- - 임신 중이라 넉넉한 사이즈를 찾고 있는데 어떤 스타일이 좋을까요?
1420,- - 네 고객님 임신 중이시면 넉넉한 사이즈로 나온 이 옷은 어떠세요?
1421,- - 색상은 이거 말고 어떤 색상이 또 있나요?
1422,- - 네 그럼 블루랑 그레이 색상으로 하나씩 주세요
1423,- - 네 결제는 어떻게 도와드릴까요?
1424,- - 네 현금결제로 할 테니 현금영수증 부탁드려요
1425,- - 치마 코너는 어디에 있나요?
1426,- - 사이즈 도와드릴까요?
1427,- - 66사이즈보다 한 사이즈 더 큰 사이즈 있나요?
1428,- - 롱패딩 보러 왔습니다
1429,- - 남자 고등학생 옷을 사려고요
1430,- - 가격은 어떻게 되나요?
1431,- - 아이가 좋아하겠죠?
1432,- - 그러면 하나 포장해서 주세요
1433,- - 남자친구 선물 주려고 하는데요
1434,- - 아직 추우니까 이 니트는 어떠세요?
1435,- - 혹시 검은색으로는 없나요?
1436,- - 어떤 사이즈 입으세요?
1437,- - 마음에 안 들면 환불되나요?
1438,- - 그럼 이걸로 할게요
1439,- - 여성용 블랙 진 있어요?
1440,- - 네 어떤 핏으로 찾으시나요?
1441,- - 이쪽으로 오시겠어요?
1442,- - 안감에 기모 들어간 건 없나요?
1443,- - 입어보고 싶은데요
1444,- - 허리 사이즈가 어떻게 되세요?
1445,- - 블라우스는 어느 쪽에 있나요?
1446,- - 혹시 이 옷 다른 사이즈도 있나요?
1447,- - 색상은 총 몇 가지인가요?
1448,- - 그럼 노란색 m사이즈로 하나 가져다주세요
1449,- - 현금 결제되나요?
1450,- - 제가 환불을 하고 싶은데요
1451,- - 어제 오후에 여기서 블라우스랑 치마를 샀는데 블라우스를 환불하고 싶어서요
1452,- - 구입하신 블라우스 좀 보여주시겠어요?
1453,- - 그리고 환불하시려면 영수증이 필요한데 갖고 오셨나요?
1454,- - 혹시 현금으로 환불받을 수는 없나요?
1455,- - 남성 바지는 어느 쪽에 있나요?
1456,- - 이 바지 30 있나요?
1457,- - 30이 작네요 31 있을까요?
1458,- - 이거 할인되나요?
1459,- - 정장을 좀 구매하려고요
1460,- - 네 평소 사이즈가 어떻게 되시죠?
1461,- - 치마 정장이랑 바지 정장 중에 어떤 거로 보여드릴까요?
1462,- - 네 그리고 겉에 입을 코트도 추천해주세요
1463,- - 혹시 신발도 있나요?
1464,- - 어머니 등산복으로 어떤 게 좋을까요??
1465,- - 연령대가 어떻게 되시나요?
1466,- - 혹시 선호하는 색상 있으신가요?
1467,- - 너무 튀지 않은 색상으로 골라주시겠어요?
1468,- - 튀지 않으면서 밝은 주황색 옷인데 이거 어떠세요?
1469,- - 포장해드릴까요??
1470,- - 이 옷 다른 사이즈도 볼 수 있을까요?
1471,- - 네 고객님 사이즈가 어떻게 되시나요?
1472,- - 상의만 필요하신가요?
1473,- - 네 그리고 다른 색상 디자인도 있는지 궁금합니다
1474,- - 이 디자인으로는 네이비 외에 그레이와 화이트가 있는데 골라보시겠어요?
1475,- - 탈의실이 어디에 있죠?
1476,- - 레깅스 있나요?
1477,- - 무발도 있죠?
1478,- - 혹시 블랙 말고 다른 색상 있나요?
1479,- - 기모인가요?
1480,- - 그럼 색상별로 하나씩 주세요
1481,- - 이 원피스 사이즈 있나요?
1482,- - 피팅 가능한가요?
1483,- - 55사이즈로 입어볼게요
1484,- - 컬러는 블랙 하나인가요?
1485,- - 언제 다시 들어오나요?
1486,- - 이 옷 혹시 입어볼 수 있나요?
1487,- - 네 고객님 몇 사이즈세요?
1488,- - 옷이 좀 큰데 크게 나왔나요?
1489,- - 아 그러시면 한 사이즈 작은 거 드려볼까요?
1490,- - 음 이건 너무 작은 것 같으니 아까 걸로 주세요
1491,- - 겨울용 따뜻한 패딩을 찾고 있는데요
1492,- - 가격은 30만 원대 생각하고 있어요
1493,- - 구스는 얼마나 할인하죠?
1494,- - 네 105 사이즈 한번 입어볼게요
1495,- - 이거 카드로 3개월 할부해 주세요
1496,- - 와이셔츠 사려고 하는데 어디 있나요?
1497,- - 이 와이셔츠 105 사이즈 있나요?
1498,- - 와이셔츠랑 같이 재킷도 사려고 하는데 추천하시는 옷 있나요?
1499,- - 소매가 조금 긴 것 같은데 수선되나요?
1500,- - 그럼 이걸로 계산할게요
1501,- - 이 패딩 XL도 있나요?
1502,- - 아 블랙은 없나요?
1503,- - 네 현장에 없는데 주문해드릴까요?
1504,- - 주문하면 언제쯤 받을 수 있나요?
1505,- - 아 결제는 미리 하고 가도 되죠?
1506,- - 네 결제는 어떻게 도와드릴까요?
1507,- - 삼성페이 되나요?
1508,- - 오늘 영업하나요?
1509,- - 보라색 니트 있나요?
1510,- - 어디에 있나요?
1511,- - 라지 사이즈도 있나요?
1512,- - 한 번 입어봐도 될까요?
1513,- - 정장하나 맞추려고 하는데 처음 맞추는 거라 저한테 어떤 색이 잘 어울릴까요?
1514,- - 입어봐도 되나요?
1515,- - 팔이 좀 긴데 수선 가능한가요?
1516,- - 수선 맡기면 오래 걸릴까요?
1517,- - 네 결제는 카드로 할게요
1518,- - 이 원피스 사이즈 L 있나요?
1519,- - 그럼 M사이즈로 입어 볼 수 있나요?
1520,- - 이 원피스랑 어울리는 재킷도 사고 싶은데 뭐가 제일 잘나가요?
1521,- - 그럼 이렇게 해서 얼마죠?
1522,- - 봉투값 따로 받으세요?
1523,- - 저 울 재킷은 여기 걸려있는 게 전부인가요?
1524,- - 아 혹시 울이 많이 들어간 재킷은 어떤 건가요?
1525,- - 울 80이 들어간 검은색 재킷이 있는 데 한번 착용해보시겠어요?
1526,- - 검은색 말고 다른 색상은 없나요?
1527,- - 제가 색상 있는 재킷을 찾고 있어서 다른 재킷은 없나요?
1528,- - 그럼 울 함량이 조금 낮지만 3가지 색상이 있는 재킷이 있는데 이건 어떠신가요?
1529,- - 하늘색이 제일 깔끔한 데 사이즈는 Free인가요?
1530,- - 원피스를 찾고 있는데요
1531,- - 어떤 스타일로 찾고 계시나요?
1532,- - 긴 걸로 주시겠어요
1533,- - 여기 카드요
1534,- - 남자가 입을 수 있을까요?
1535,- - 그럼 L 사이즈를 찾아주세요
1536,- - 사이즈가 없으면 어떻게 하나요?
1537,- - 현금결제로 해주세요
1538,- - 옷은 언제 찾으러 오면 되나요?
1539,- - 옷이 안 맞으면 환불 되나요?
1540,- - 청바지로 사려고 합니다
1541,- - 이거 바지 늘어나요?
1542,- - 피팅룸에서 입어볼게요
1543,- - 사이즈가 안 맞으니 정리해주세요
1544,- - 패딩을 구매하고 싶은데 제일 잘나가는 상품은 뭔가요?
1545,- - 그럼 검은색 패딩 종류 좀 보여주실 수 있나요?
1546,- - 사이즈는 어떤 걸로 보여드릴까요?
1547,- - 이 패딩은 조금 크게 나온 편인데 한 치수 작은 건 어떠세요?
1548,- - 그럼 미디엄 사이즈인가요?
1549,- - 네 미디엄 사이즈로 보여주세요
1550,- - 혹시 70대 할머니가 입을만한 옷이 있나요?
1551,- - 보통 할머니들은 무슨 색을 많이 사가나요?
1552,- - 이 재킷은 얼마인가요?
1553,- - 카드로 결제 가능한가요?
1554,- - 일시불로 결제해주세요
1555,- - 면접 볼 때 입을 옷을 찾고 있어요
1556,- - 단추는 원래 없는 옷입니까?
1557,- - 제일 큰 사이즈는 무엇인가요?
1558,- - 밑에는 박음질이 정리되어있지 않네요
1559,- - 언제까지 세일하나요?
1560,- - 원피스 신상 나왔어요?
1561,- - 꽃무늬로 된 원피스 있나요?
1562,- - 핑크색 말고 하늘색으로 주세요
1563,- - 이 원피스에 어울리는 카디건 있나요?
1564,- - 입어볼게요
1565,- - 블라우스 좀 보려고 왔는데요
1566,- - 너무 요란한 무늬 말고 좀 얌전한 거 없을까요?
1567,- - 교생실습할 때 입을 거라 너무 화려한 건 안돼요
1568,- - 이건 가격이 얼마에요?
1569,- - 현금으로 할게요
1570,- - 원피스는 어디에 있나요?
1571,- - 친구 결혼식에 입고 갈 것으로 추천해주세요
1572,- - 이 디자인 어떠세요?
1573,- - 입어볼 수 있을까요?
1574,- - 이 사이즈보다 한 치수 큰 거 있나요?
1575,- - 이걸로 포장해주세요
1576,- - 봄 신상품 카디건 있나요
1577,- - 색상은 몇 가지 있나요
1578,- - 주로 어떤 색상이 잘 나가나요
1579,- - 가격대는요
1580,- - 카드 결제 가능한가요
1581,- - 겨울용 청바지 좀 보여주시겠어요?
1582,- - 허리 사이즈가 어떻게 되세요?
1583,- - 색이 좀 더 연한 건 없을까요?
1584,- - 연한 색상을 원하시면 이 디자인은 어떠세요?
1585,- - 가격은 얼마인가요?
1586,- - 한번 입어봐도 될까요?
1587,- - 여기 여름 원피스가 벌써 나왔네요?
1588,- - 이거는 얼마나 해요?
1589,- - 세일하는 건 없나요?
1590,- - 이쪽 거는 세일 얼마나 들어간 거예요?
1591,- - 와이프 옷 선물해주고 싶은데 추천해주세요
1592,- - 생각하시는 스탈이 있으세요
1593,- - 그러시면 이 카디건은 어떠하실까요
1594,- - 이 카디건 금액은 얼마인가요
1595,- - 66사이즈로 예쁘게 포장해 주세요
1596,- - 남자 옷도 파나요?
1597,- - 어떤 옷을 찾으세요?
1598,- - 남자친구한테 선물할 건데 추천 좀 해주세요
1599,- - 요즘 잘 나가는 분홍색 이 셔츠는 어떠세요?
1600,- - 좋아요 큰 사이즈도 있나요?
1601,- - 얼마나 큰 사이즈를 찾으세요?
1602,- - 롱패딩 다 팔렸나요?
1603,- - XL 사이즈 있나요?
1604,- - 세탁은 어떻게 하나요?
1605,- - 현금영수증 해주세요
1606,- - 제품에 문제가 있으면 어떡하나요?
1607,- - 이 바지 사이즈가 어떻게 되나요?
1608,- - M사이즈는 몇 인치인가요?
1609,- - 바지 색상은 한 가지인가요?
1610,- - 블랙 색상 바지에 어울리는 티셔츠가 있나요?
1611,- - 셔츠 말고 기본 티셔츠는 없나요?
1612,- - 신랑 와이셔츠를 사려고 하는데요
1613,- - 예쁜데 신상품은 얼마인가요?
1614,- - 조금 더 저렴한 것 있나요?
1615,- - 그럼 이거 105사이즈 있나요?
1616,- - 버건디 컬러로 105로 주세요
1617,- - 여기 진열되어 있는 점퍼 얼마인가요?
1618,- - 입어볼 수 있나요?
1619,- - 55사이즈 입어볼게요
1620,- - 잘 어울리는 거 같은데 이걸로 주세요
1621,- - 교환은 언제까지 가능한가요?
1622,- - 옷 구경 좀 해도 될까요?
1623,- - 이거 사이즈 105사이즈 있나요?
1624,- - 한번 입어봐도 될까요?
1625,- - 지금 사면 할인되나요?
1626,- - 카드 결제할게요
1627,- - 태그에 붙어 있는 가격이 세일이 적용된 금액인가요?
1628,- - 상하의 한 벌 가격이 맞는지 확인해주세요
1629,- - 혹시 몇 퍼센트가 할인된 건지 알 수 있을까요?
1630,- - 그렇다면 여기 있는 상품 모두가 70프로 세일 중이라는 말씀이신가요?
1631,- - 세일 품목은 매일매일 달라지나요?
1632,- - 면접 보러 갈 건데 입을 옷 좀 추천해주세요
1633,- - 면접이시면 정장 스타일 찾으시나요?
1634,- - 그럼 이 면 셔츠는 어떠신가요?
1635,- - 혹시 더 밝은 색 있나요?
1636,- - 네 이걸로 할게요
1637,- - 삼성페이로 계산할 수 있나요
1638,- - 키즈 바람막이를 보고 싶어요
1639,- - 남녀 공용인가요?
1640,- - 여자아이인데 무슨 색이 괜찮을까요?
1641,- - 핑크색 있는데 보여드릴까요?
1642,- - 핑크색 7살 사이즈로 주세요
1643,- - 카드로 계산할게요
1644,- - 일시불이세요?
1645,- - 이 옷 66사이즈 있나요?
1646,- - 재입고 예정인가요?
1647,- - 제품 예약할 수 있을까요?
1648,- - 플레어스커트는 어느 쪽에 있나요?
1649,- - 이 옷 입어볼 수 있을까요?
1650,- - 저기 이 옷 좀 봐주세요
1651,- - 네 무슨 일로 그러세요?
1652,- - 제가 지난주에 구매한 옷인데 집에서 보니 안쪽이 뜯어져 있었어요
1653,- - 정말 마음에 들어서 산 옷인데 입을 수 없어서 좀 황당했어요
1654,- - 혹시 같은 걸로 교환이 가능할까요?
1655,- - 재고가 있나요?
1656,- - 직원 안 계세요?
1657,- - 어떤 옷 보러 오셨어요?
1658,- - 후드티는 이 브랜드가 잘 팔려요
1659,- - 다른 색상은 없나요?
1660,- - 슬랙스 좀 보여주세요
1661,- - 그걸로 할게요
1662,- - 치마는 오른쪽에 있나요?
1663,- - 롱치마도 있나요?
1664,- - 빨간색 치마도 있나요?
1665,- - 니트 치마도 볼 수 있을까요?
1666,- - 현금으로 사면 할인 가능한가요?
1667,- - 니트 같은 거는 어디 있어요?
1668,- - 제가 입을 건 아니고 어머니 사드리려고요
1669,- - 어떤 게 많이 팔리나요?
1670,- - 그럼 이걸로 2개 주세요
1671,- - 선물포장도 가능한가요?
1672,- - 패딩 따듯한 거 뭐 있어요?
1673,- - 뭐가 달라요?
1674,- - 그럼 더 따듯한가요?
1675,- - 가격은 얼마인가요?
1676,- - 그럼 그걸로 구매할게요
1677,- - 네 더 필요한 건 없으시죠?
1678,- - 양복 위아래 세트로 다 맞추면 얼마인가요?
1679,- - 시간은 얼마나 걸릴까요?
1680,- - 원단에 따라 가격도 달라질 수 있나요?
1681,- - 혹시 위에만 맞출 수도 있나요?
1682,- - 그럼 가격은 얼마인가요?
1683,- - 지난주에 여기서 이 옷을 사 갔는데 사이즈가 안 맞아서 교환 좀 하려고요
1684,- - 영수증 가져오셨나요?
1685,- - 상품 텍이 아주 조금 찢어졌는데 상관없죠?
1686,- - 혹시 이 옷 여성 사이즈는 없나요?
1687,- - 여자친구랑 커플로 입으려고 하는데 비슷한 디자인은 없나요?
1688,- - 선물로 주려고 하는데 선물 포장 가능하죠?
1689,- - 혹시 지금 한정판 상품 판매 중인가요?
1690,- - 어느 쪽에 있나요?
1691,- - 한정판 상품 중에 가장 잘 나가는 상품이 뭔가요?
1692,- - 어떤 색상이 가장 잘 나가나요?
1693,- - 그럼 이거 두 개 가져다주시겠어요?
1694,- - 블라우스 좀 볼 수 있을까요?
1695,- - 좀 더 무난한 디자인은 없을까요?
1696,- - 이거 라지 사이즈 있나요?
1697,- - 가격은 얼마에요?
1698,- - 입어봐도 되죠?
1699,- - 여기 언제 오픈했어요?
1700,- - 옷 구경 다 해봐도 되죠?
1701,- - 옷이 엄청 싼 것 같아요
1702,- - 혹시 문 닫는 날도 있나요?
1703,- - 다음에 또 와서 옷 살게요
1704,- - 이 셔츠 아이보리색 품절이에요?
1705,- - 입고는 언제 돼요?
1706,- - 온라인으로 사는 게 더 빠를까요?
1707,- - 그래도 금액은 온라인 더 싸지 않아요?
1708,- - 그럼 저 여기서 예약 주문할게요
1709,- - 안녕하세요 점퍼 좀 보려고요
1710,- - 본인이 입으시는 건가요?
1711,- - 여자친구?
1712,- - 네 밝은 색으로 보여주세요
1713,- - 그럼 이쪽으로 오세요 이 옷은 어떠세요
1714,- - 맘에 들어요 사이즈가 맞을까요?
1715,- - 그럼 이걸로 부탁드립니다
1716,- - 요즘 신상 코트 볼 수 있을까요?
1717,- - 고객님이 입으실 건가요?
1718,- - 90사이즈 있나요?
1719,- - 색상 회색도 있나요?
1720,- - 네 입어볼게요
1721,- - 슬랙스 있나요?
1722,- - 사계절용 좀 보여주세요
1723,- - 이 제품 허리 28로 보여주세요
1724,- - 어떤 색상으로 보여드릴까요?
1725,- - 어떤 색상 있나요?
1726,- - 여성 청바지도 판매하나요?
1727,- - 부츠컷으로 보여주실 수 있나요?
1728,- - 길이 수선도 가능한 건가요?
1729,- - 수선하면 시간은 어느 정도 걸리나요?
1730,- - 택배로 보내주실 수 있나요?
1731,- - 이 옷은 얼마인가요?
1732,- - 제가 정장을 하나 사야 되는데 잘 팔리는 게 어떤 거죠?
1733,- - 이 옷하고 이 옷이에요
1734,- - 네 구매하실 건가요?
1735,- - 네 가격은 얼마인가요?
1736,- - 그럼 이걸로 주세요
1737,- - 음 제가 옷을 잘 못 고르는데 좀 도와주시겠어요?
1738,- - 네 누가 입을 건가요
1739,- - 아 네 그럼 따님이 20대 초인 가요?
1740,- - 그럼 따님이 원하는 스타일이 어떤 건가요?
1741,- - 네 신상으로 나온 이 원피스가 요즘 선호도가 높은데요
1742,- - 혹시 따님이 맘에 안 들어 하면 다시 갖고 나오셔도 돼요
1743,- - 이 옷 55사이즈 있나요?
1744,- - 그럼 66은 있나요?
1745,- - 그러면 다른 색으로도 사이즈가 없을까요?
1746,- - 회색도 가격이 똑같은가요?
1747,- - 현금 결제하면 할인되나요?
1748,- - 피팅룸이 어디인가요?
1749,- - 어떤 상품 입어보실 건가요?
1750,- - 바지 입어보려고요
1751,- - 어디로 들어가면 되죠?
1752,- - 혹시 최대 몇 벌까지 입어볼 수 있나요?
1753,- - 네 무슨 일로 그러시나요?
1754,- - 옷을 다른 옷으로 교환할 수 있나 해서요
1755,- - 네 영수증과 결제했던 카드 가지고 계시나요?
1756,- - 어떤 걸로 교환하시겠어요?
1757,- - 가격이 추가되는데 괜찮으신가요?
1758,- - 그럼 지난 결제는 취소하고 재결제 하겠습니다
1759,- - 이 티셔츠 조금 더 큰 치수로 있나요?
1760,- - 105보다 큰 사이즈는 없나요?
1761,- - 저기 마네킹이 입고 있는 티셔츠도 105가 제일 큰 사이즈인가요?
1762,- - 네 그럼 저 티셔츠로 할게요 얼마죠?
1763,- - 여기 3개월 무이자로 결제할 수 있죠?
1764,- - 이 넥타이 실크 100퍼센트면 혹시 케어를 손빨래나 드라이클리닝으로만 해야 하나요?
1765,- - 그러면 아크릴이나 면 함유된 제품은 없나요?
1766,- - 여기 있는 것들이 다인가요?
1767,- - 그냥 아까 봤던 실크 넥타이로 사갈게요
1768,- - 결제는 뭘로 하시나요?
1769,- - 상품 환불이나 교환하시려면 영수증 가지고 일주일 이내 매장 방문하시면 됩니다
1770,- - 머플러 선물을 하려고 하는데요
1771,- - 아 네 선물 받을 분이 연령이 어떻게 되나요?
1772,- - 어디 한번 보여 주세요
1773,- - 네 제가 원하는 색상이 아닌데 다른 거 추천 좀 해주세요
1774,- - 네 그러세요 그럼 좀 화사한 꽃무늬 머플러는 어떨까요?
1775,- - 네 맘에 드는데 같은 디자인으로 다른 색상도 보고 싶어요
1776,- - 이 티셔츠 L 사이즈 있나요?
1777,- - 색상은 여기 꺼내져 있는 것이 다인가요?
1778,- - 네 이 티셔츠는 남녀 공용으로 입어도 무방하거죠?
1779,- - 아 그러면 화이트 L와 그레이 XL 하나씩 주세요
1780,- - 네 더 필요하신 건 없으신가요?
1781,- - 네 결제는 삼성페이로 하고 싶은데 가능한가요?
1782,- - 혹시 제일 작은 사이즈 모자 있을까요?
1783,- - 여러 가지 모델로 보여주세요
1784,- - 혹시 바닷가에서 쓸만한 모자도 있나요?
1785,- - 색상도 다양하게 있을까요?
1786,- - 우선 써 볼 수 있을까요?
1787,- - 이 옷은 세트 상품인가요?
1788,- - 그럼 이 블라우스는 얼마인가요?
1789,- - 조끼는요?
1790,- - 그럼 이 두 개 같이 결제할게요
1791,- - 혹시 현금 결제되나요?
1792,- - 남자 패딩을 좀 보여주시겠어요?
1793,- - 네 이번에 나온 신상인데 한번 보시겠어요?
1794,- - 그러면 이런 디자인은 어때요?
1795,- - 디자인은 괜찮은데 혹시 다른 색은 없나요?
1796,- - 혹시 흰색은 없나요?
1797,- - 만약 지금 흰색 예약하면 얼마나 걸리나요?
1798,- - 이 바지 사이즈 있나요?
1799,- - 몇 사이즈를 원하시죠?
1800,- - 이 옷 다른 색은 없나요?
1801,- - 바지길이를 수선할 수 있을까요?
1802,- - 같은 디자인으로 여자 셔츠는 없나요?
1803,- - 한 사이즈 작은 옷 있을까요?
1804,- - 디스플레이 되어있는 게 전부인가요?
1805,- - 특별히 찾으시는 물건이 있으신가요?
1806,- - 캐시미어 소재의 목도리도 있나요?
1807,- - 소재는 캐시미어 100프로에요?
1808,- - 가격이 조금 비싸긴 하겠네요
1809,- - 원피스를 좀 볼 수 있을까요?
1810,- - 당연하죠 어떤 스타일을 보시나요?
1811,- - 그런 스타일은 이쪽에 있습니다 추천해드릴까요?
1812,- - 네 저한테 어떤 색깔이 잘 어울릴까요?
1813,- - 이게 맘에 드는데 입어볼 수 있을까요?
1814,- - 이걸로 포장해주세요
1815,- - 여기 비치되어있는 장갑 디자인이 전부인가요?
1816,- - 아이를 위한 벙어리장갑은 판매하지 않고 있나요?
1817,- - 양손 장갑이 끈으로 연결되어있는 상품이 있나요?
1818,- - 네 그럼 털로 장식되어있는 상품으로 구매할게요
1819,- - 네 고객님 선물하시는 거라면 선물용 포장으로 도와드릴까요?
1820,- - 맨투맨 티 구입하려고 하는데요
1821,- - 남자 거는 없나요?
1822,- - 이거 얼마에요?
1823,- - 사이즈 XXL 있나요?
1824,- - 그럼 XL 사이즈로 포장해주세요
1825,- - 스카프 있나요?
1826,- - 색상은 한 가지인가요?
1827,- - 다른 디자인은 없나요?
1828,- - 오렌지 컬러 얼마인가요?
1829,- - 네 그럼 그걸로 선물포장해주세요
1830,- - 청바지 사러 왔습니다
1831,- - 혹시 진한 색 청바지는 어디 있나요?
1832,- - 이 바지는 치수가 어디까지 나오나요?
1833,- - 66사이즈 재고가 남아있나요?
1834,- - 그럼 이걸로 하겠습니다
1835,- - 여기 넥타이도 파나요?
1836,- - 누구에게 선물하실 건가요?
1837,- - 아버지 생신 선물할 예정인데 추천해 주세요
1838,- - 요즘 50대 분들이 이런 스타일을 많이 구매하시는데 괜찮으신지요?
1839,- - 너무 나이 들어 보이는데 좀 더 밝은 스타일은 없나요?
1840,- - 이건 요즘 40대 분들이 찾으시는 스타일인데 어떠신가요?
1841,- - 지금 보고 있는 건 얼마예요?
1842,- - 선물포장도 되나요?
1843,- - 넥타이 좀 보러 왔는데요
1844,- - 네 찾으시는 색상 있으신가요?
1845,- - 요즘 어떤 색상이 잘 나가나요?
1846,- - 얼마인가요?
1847,- - 넥타이핀도 있나요?
1848,- - 현금영수증 처리해주세요
1849,- - 남성 코트를 사려고 하는데요
1850,- - 어떤 스타일을 원하세요?
1851,- - 손님께서 입으실 건가요?
1852,- - 어떤 색을 찾으세요?
1853,- - 이 상품을 한 번 입어 보시겠어요?
1854,- - 더 큰 사이즈는 없나요?
1855,- - 롱패딩 보러 왔는데요
1856,- - 고객님이 입으실 건가요?
1857,- - 그럼요?
1858,- - 나이가 어떻게 되나요?
1859,- - 컬러는 두 가지뿐인가요?
1860,- - 혹시 스트라이프 셔츠 스몰 사이즈는 없나요?
1861,- - 그럼 분홍색 티셔츠는요?
1862,- - 분홍색 티셔츠도 스몰 사이즈로 찾으시는 거 맞죠?
1863,- - 재고 있는지 한번 알아봐드릴게요
1864,- - 스몰 사이즈 하나 남아있는데 가져다드릴까요?
1865,- - 네 계산도 같이 해주세요
1866,- - 저 실례합니다만 혹시 이 플레어스커트 재고 있나요?
1867,- - 혹시 사이즈가 어떻게 되시나요?
1868,- - 네 핑크로 하나 주세요
1869,- - 혹시 여기 포인트 적립되나요?
1870,- - 네 그럼 카드로 계산해주세요
1871,- - 이 옷 다른 색상은 없나요?
1872,- - 찾으시는 색상이 있으신가요?
1873,- - 빨간색으로 사고 싶은데 걸려있는 것 중에는 없네요
1874,- - 그럼 노란 색상으로 한 번 볼 수 있을까요?
1875,- - 네 사이즈는 몇으로 드릴까요?
1876,- - 한 번 입어보시겠어요?
1877,- - 입어봐도 되나요?
1878,- - 정장 좀 보러 왔는데요
1879,- - 네 혹시 따로 찾으시는 스타일의 제품이 있으신가요?
1880,- - 어두운 톤보다는 밝은 톤으로 부탁드릴게요
1881,- - 네 이왕이면 베이지 색상으로 알아봐 주세요
1882,- - 사이즈는 어떻게 되시나요?
1883,- - 네 조금만 기다려주세요
1884,- - 이 바지 세일 언제까지 하나요?
1885,- - 세일 가격이 어디 쓰여있어요?
1886,- - 이 색상보다 어두운 색상 바지는 어디 있나요?
1887,- - 사이즈는 이게 전부인가요?
1888,- - 무이자 할부 어떤 게 있어요?
1889,- - 아버지 옷 사러 왔는데 남자 옷은 어디 있나요?
1890,- - 옷 중에 제일 잘 나가는 게 뭐예요?
1891,- - 니트 조끼도 있나요?
1892,- - 니트 조끼 더 큰 사이즈 없나요?
1893,- - 계산은 1층에서 하나요?
1894,- - 이 옷은 사이즈가 프리인가요?
1895,- - 남자친구에게 선물하려고 하는데 색깔은 이 색깔 하나인가요?
1896,- - 그럼 이 옷으로 구매할 건데 혹시 선물포장도 가능한가요?
1897,- - 그럼 선물포장 해주시겠어요?
1898,- - 네 더 필요한 건 없으신가요?
1899,- - 현금 영수증 부탁드립니다
1900,- - 겨울에 입을 수 있는 따뜻한 외투를 찾고 있습니다
1901,- - 고객님 특별히 찾으시는 상품 있으신가요?
1902,- - 저에게 추천해주실 수 있나요?
1903,- - 다음 주면 따뜻한 날씨일 것 같은데 털을 뗐다 붙였다 할 수 있는 제품은 어떠신가요?
1904,- - 고객님이 원하시는 스타일로 이건 어떠신가요?
1905,- - 색상은 검은색과 네이비 두 종류가 있습니다
1906,- - 검은색으로 주세요
1907,- - 셔츠는 어디에 있나요?
1908,- - 이 셔츠 사이즈는 어떻게 되나요?
1909,- - 여기서 입어봐도 될까요?
1910,- - 세탁은 어떻게 하나요?
1911,- - 환불이나 교환은 언제까지 가능한가요?
1912,- - 여기 원피스 있나요?
1913,- - 롱 원피스인가요?
1914,- - 플라워 패턴 원피스를 찾고 있어요
1915,- - 입어봐도 될까요?
1916,- - 그럼 입어보고 나올게요
1917,- - 좀 둘러볼게요
1918,- - 혹시 아기 발열 내의는 어디에 있나요?
1919,- - 지금 9개월 아기인데 사이즈 있나요?
1920,- - 어떤 색상 있는지 보여 주세요
1921,- - 네 분홍으로 하고 포장 부탁드릴게요
1922,- - 밖에 전시된 검은색 반팔 티 라지 사이즈도 있나요?
1923,- - 저에게 맞을까요?
1924,- - 탈의실에서 입어보셔도 돼요
1925,- - 비슷한 스타일로 라지 사이즈 제품은 없을까요?
1926,- - 어떤 색이 있죠?
1927,- - 회색 제품 라지 사이즈로 입어 봐도 될까요?
1928,- - 여기 여성복 점인가요?
1929,- - 네 찾으시는 것 있으세요?
1930,- - 치마보려고 합니다
1931,- - 어떤 종류의 치마를 찾으세요?
1932,- - 여자 롱스커트 보고 있어요
1933,- - 입어봐도 될까요?
1934,- - 이거 사이즈 다른 거 없나요?
1935,- - 이 옷 입어봐도 돼요?
1936,- - 탈의실이 어디 있죠?
1937,- - 혹시 허리 사이즈만 수선 가능할까요?
1938,- - 수선비는 얼마죠?
1939,- - 그럼 수선 다 되면 연락 주세요
1940,- - 이거 입어봐도 되나요?
1941,- - 이거 사이즈가 없는 것 같은데 찾아주실 수 있나요?
1942,- - 어떤 사이즈로 찾으시나요?
1943,- - 저 지금 라지 사이즈 밖에 안 보여서 미디엄 좀 찾아주세요
1944,- - 네 잠시만 기다려 주세요
1945,- - 잘 맞으시나요?
1946,- - 네 이걸로 주세요
1947,- - 네 카드로 결제 도와드릴까요?
1948,- - 개어진 옷을 좀 꺼내봐도 될까요?
1949,- - 이 스웨터 재질은 세탁기를 돌려도 되나요?
1950,- - 이 검은색 스웨터 스몰 사이즈가 있나요?
1951,- - 그럼 파란색 스웨터 스몰 사이즈로 입어봐도 될까요?
1952,- - 이 스웨터 올이 나간 부분이 있는데 바꿔서 입을래요
1953,- - 레깅스 한 장에 얼마에요?
1954,- - 프리사이즈 있나요?
1955,- - 치마레깅스도 인기가 많나요?
1956,- - 그럼 검은색 치마 레깅스 한 장 주세요
1957,- - 네 더 필요하신 건 없으세요?
1958,- - 현금 영수증 해주세요
1959,- - 원피스 있나요?
1960,- - 남색 원피스가 필요한데 어떤 종류가 있나요?
1961,- - 이 원피스는 66사이즈가 있나요?
1962,- - 세탁은 어떻게 해야 하죠?
1963,- - 결제는 현금도 되나요?
1964,- - 재킷 보러 왔어요
1965,- - 네 어떤 재킷 찾으세요?
1966,- - 네 이건 어떠세요?
1967,- - 그럼 이 검은색 재킷은요?
1968,- - 좋네요 바지도 있나요?
1969,- - 입어볼게요
1970,- - 부모님께 선물 드릴 옷을 사려는데 사이즈가 어떤 게 있죠?
1971,- - 상의 가격이 얼마인가요?
1972,- - 상품권 사용 가능한가요?
1973,- - 여기 몇 시까지 영업하나요?
1974,- - 바지 사이즈가 안 맞아서 바꾸려고 하는데 교환 가능한가요?
1975,- - 치마 착용해봐도 되나요?
1976,- - 한 사이즈 작은 거 있나요?
1977,- - 치마와 함께 입을 니트 있나요?
1978,- - 이 니트랑 함께 구입할게요
1979,- - 할인되는 카드 있나요?
1980,- - 트레이닝복은 어디 있나요?
1981,- - 입어봐도 될까요?
1982,- - 사이즈가 안 맞네요
1983,- - 조금 안 맞으니 그냥 입을게요
1984,- - 입고 가실 건가요?
1985,- - 네 결제해주세요
1986,- - 코트를 좀 찾고 있는데요
1987,- - 네 어떤 걸 찾으시나요?
1988,- - 이번에 신상품으로 나온 검은색 테일러 코트요
1989,- - 입어봐도 될까요?
1990,- - 지금 세일 기간으로 알고 있는데 매장에서도 할인되나요?
1991,- - 그럼 카드로 결제할게요
1992,- - 남자 롱 패딩 있나요?
1993,- - 색깔은 화이트로 찾고 있는데 있나요?
1994,- - 얼마에요?
1995,- - 할인은 안 해주시나요?
1996,- - 다른 옷들도 좀 봐도 될까요?
1997,- - 졸업식에 입을 정장을 맞추고 싶어요
1998,- - 본인이 입으실 건가요?
1999,- - 제일 잘나가는 양복은 무엇인가요?
2000,- - 한 번 입어 보고 싶어요
2001,- - 여름 옷은 아직 안 나왔나요?
2002,- - 어떤 여름 옷을 찾으세요?
2003,- - 봄에 입을 셔츠는 좀 있나요?
2004,- - 올해 물건은 언제 들어오죠?
2005,- - 들어오면 연락 주시겠어요?
2006,- - 여기 남성복도 파나요?
2007,- - 어느 쪽이 남성복이 있는 쪽인가요?
2008,- - 이 바지는 얼마인가요?
2009,- - 혹시 할인해 주실 수 있나요?
2010,- - 그럼 현금으로 결제할게요
2011,- - 이거 사이즈가 어떻게 되나요?
2012,- - 남성용인가요?
2013,- - 그럼 여자는 한 사이즈 작게 입어야 맞을까요?
2014,- - 색상은 카키 하나만 있나요?
2015,- - 95 블랙 하나 포장해 주세요
2016,- - 어머니 선물로 등산복 보고 있는데 도와주시겠어요?
2017,- - 어머니 연세가 어떻게 되세요?
2018,- - 그렇다면 이런 디자인은 어떠신가요?
2019,- - 그럼 이게 좋을 거 같은데 한번 봐보시겠어요?
2020,- - 이쁜데 사이즈가 있을까요?
2021,- - 77사이즈 정도면 좋을 거 같은데 안 맞으면 교환 가능한가요?
2022,- - 아들 졸업식에 선물할 정장을 한 벌 구매하려고 하는데요
2023,- - 아드님이 몇 살인가요?
2024,- - 젊은 친구들은 슬림한 라인의 정장을 좋아하는데 이 디자인 어떠세요?
2025,- - 가격은 얼마인가요?
2026,- - 혹시 아들이 마음에 안 들어 하면 교환 가능한가요?
2027,- - 상의 95 하의 30 사이즈로 주세요
2028,- - 여기 이 바지 29사이즈 있나요?
2029,- - 잠시만요
2030,- - 아 이거 지금 창고에 있어서 가져다드릴게요
2031,- - 여기있습니다
2032,- - 한 치수 작은 거 있나요
2033,- - 저쪽에서 입어보시면 돼요
2034,- - 남자 정장 보러 왔는데요
2035,- - 손님께서 입으실 건 가요?
2036,- - 색깔은 네이비 계통이었으면 해요
2037,- - 사이즈 몇 입으시죠?
2038,- - 다른 건 안 필요하세요?
2039,- - 같이 입을 수 있게 넥타이도 함께 보여주세요
2040,- - 이 바지는 사이즈가 다양하게 나왔나요?
2041,- - L 사이즈 바지는 어느 쪽에서 보면 될까요?
2042,- - 이쪽에서 보시면 되는데 어떤 종류의 바지를 원하시나요?
2043,- - 이 디자인이 마음에 드는데 물이 잘 빠지지는 않나요?
2044,- - 구매하고 싶은데 가격이 얼마인가요?
2045,- - 마네킹에 걸려 있는 코트 좀 보여주세요
2046,- - 색상은 이거 말고 어떤 색이 있나요?
2047,- - 사이즈는 어떻게 되나요?
2048,- - 카드 무이자 할부 되나요?
2049,- - 새 상품으로 챙겨주세요
2050,- - 모자 좀 보려고요
2051,- - 어떤 스타일 찾고 계세요?
2052,- - 챙이 더 넓은 것은 없나요?
2053,- - 얼굴에 묶을 수 있는 끈도 같이 있어요?
2054,- - 가격은 둘 다 비슷한가요?
2055,- - 이 바지는 사이즈 어떻게 되나요?
2056,- - 더 큰 건 없어요?
2057,- - 그럼 29로 입어볼게요
2058,- - 가격은 어떻게 되나요?
2059,- - 그럼 이걸로 결정할게요
2060,- - 옷을 교환하려고 하는데요
2061,- - 아 고객님 어떤 옷으로 교환해드릴까요?
2062,- - 이 옷은 사이즈가 안 맞는데 다른 제품으로도 교환 가능한가요?
2063,- - 그럼 이것보다 오버핏으로 나온 코트 추천 좀 해주세요
2064,- - 색은 어떤 걸로 추천해드릴까요?
2065,- - 이 연한 회색 가오리 코트는 어떠세요?
2066,- - 가격은 교환하려는 것과 같은가요?
2067,- - 원피스는 어디에 있어요?
2068,- - 이 원피스는 한 가지 색깔밖에 없나요?
2069,- - 이 원피스 검은색으로 한 사이즈 작은 거 보여주세요
2070,- - 귀걸이도 같이 살게요
2071,- - 정장에 착용할 벨트를 보여주시겠어요?
2072,- - 사용하실 분 연령이 어떻게 되세요?
2073,- - 50대 중반이시면 깔끔한 느낌의 이런 벨트는 어떠세요?
2074,- - 이 중에서 어떤 제품이 제일 인기 있나요?
2075,- - 첫 번째 것으로 주세요
2076,- - 선물 포장도 되나요?
2077,- - 이 제품 구제예요? 구제라는 게 입었던 거죠?
2078,"- - 구제라 카면 수입품만 있나 했드니만, 국산도 있어요?"
2079,"- - 네, 수입도 있고 국산도 있어요. 관심 있으신 거 있으세요?"
2080,- - 이 옷은 얼마예요?
2081,- - 이 옷은 드라이 된 거예요?
2082,- - 옷들이 만원부터 있어요?
2083,- - 얼마까지 있어요? 이삼만원에 끝나요?
2084,- - 요런 티는 얼마 해예?
2085,- - 이 옷 색상은 요거뿐이에요?
2086,- - 이 옷 현금으로 사면 할인 좀 해주시나요?
2087,- - 요 핑크색 티도 이쁜데 얼마예요?
2088,- - 저 티는 색상이 요거뿐이에요?
2089,- - 요런 옷은 얼마예요?
2090,- - 요 옷은 세트로 된 거예요?
2091,- - 저 옷은 얼마정도 해요?
2092,- - 패딩 색상은 요거 뿐이라예?
2093,- - 요 털 달린 옷은 얼마예요?
2094,- - 저 밖에 있는 파란 티 저런 건 얼마에예?
2095,- - 조런 티는 입어봐도 되나요?
2096,- - 저 옷 색상은 저 색밖에 없나요?
2097,- - 구입 후 집에 가서 입어봤는데 옷이 작으면 어떡해요?
2098,- - 요 티는 가격이 얼마예요?
2099,- - 이 옷도 니트 종류죠?
2100,- - 이 옷 색상은 하나뿐인가요?
2101,- - 이 옷은 세탁하면 줄어들거나 하지 않나요?
2102,- - 이 소매가 나오는 건 요 옷 종류밖에 없어요?
2103,- - 이렇게 얇은 티는 가격이 얼마정도예요?
2104,- - 이 옷은 요기 있는 색상이 다예요?
2105,- - 요 빨간 티는 니트 아니죠?
2106,- - 옷 입어봐도 되죠?
2107,- - 요 옷도 스웨터죠?
2108,- - 요 옷 가격은 얼마정도 해요?
2109,- - 이 옷은 스카프도 딸려오나요?
2110,- - 스카프는 얼마예요?
2111,- - 요런 가방은 얼마예요?
2112,- - 가방 색상은 이것뿐이에요?
2113,- - 이 가방은 얼마예요?
2114,- - 가방 색상은 이것뿐이에요?
2115,- - 요런 제품은 가격이 얼마예요?
2116,- - 이게 할인된 가격이에요?
2117,- - 이 제품은 구입 후 교환도 가능해요?
2118,- - 현금으로 이 제품 구입 하면 좀 싸게는 안되나?
2119,- - 카드로 구입해도 할인이 되지 않나요?
2120,- - 할인 된 가격은 이 제품 뿐인가요?
2121,- - 요 패딩은 다운소재인가요?
2122,- - 이 패딩은 얼마예요?
2123,- - 요 티는 얼마예요?
2124,- - 이 옷은 얼마예요?
2125,- - 이 옷도 카드로 사면 부가세가 붙나요?
2126,- - 이 옷을 현금으로 구입하면 할인되나요?
2127,- - 요런 옷은 얼마예요?
2128,- - 요 옷은 울이라서 비싼가요?
2129,- - 그 옷은 얼마예요?
2130,- - 이 옷 색상은 하나 뿐인가요?
2131,- - 요런 티는 가격이 얼마정도 해요?
2132,- - 이 티는 사이즈가 프린가요?
2133,"- - 이 티, 다른 색상은 있어요?"
2134,"- - 이 티, 다른 색상은 뭐였어요?"
2135,- - 이 옷은 물세탁 가능한가요?
2136,- - 이 옷은 지금 세일 하나요?
2137,- - 코트류는 가격대가 얼마예요?
2138,- - 이 코트 색상은 하나뿐이에요?
2139,- - 다 핸드메이드 제품인가요?
2140,- - 이 옷 얼마라고 하셨어예?
2141,- - 요 옷은 색상이 하나뿐이에요?
2142,- - 요 옷은 사이즈도 한 가지뿐이에요?
2143,- - 요 옷은 얼마예요?
2144,- - 카드결제 되나요?
2145,- - 카드결제 시 적립되는 포인트가 있나요?
2146,- - 현금결제할인은 되나요?
2147,- - 이 옷은 세팅인가요?
2148,- - 이 옷은 제 얼굴빛깔이랑 맞을까요?
2149,- - 요런 티는 가격이 얼마예요?
2150,"- - 요 티, 색상은 하나뿐인가요?"
2151,- - 요 파란색 티는 얼마예요?
2152,"- - 이 티, 색상은 하나뿐인가요?"
2153,- - 요 회색 티는 얼마예요?
2154,- - 이 티도 사만 육천 원이에요?
2155,- - 요 미색 티도 가격이 비슷한가요?
2156,- - 이 남방은 얼마?
2157,- - 요 코트는 얼마예요?
2158,- - 이 코트 색상은 하나뿐이에요?
2159,- - 요런 티는 얼마예요?
2160,- - 이 옷 사이즈는 한 종류예요?
2161,- - 사이즈가 어떻게 되시나요?
2162,- - 이 옷은 얼마예요?
2163,- - 재질도 똑같이 울인가요?
2164,- - 이 검정색 목티는 얼마예요?
2165,- - 옷이 좀 붙나요?
2166,- - 요 옷은 가격이 얼마예요?
2167,- - 일요일도 영업하나요?
2168,- - 토요일까지 영업 하시는 거죠?
2169,- - 요 옷은 얼마예요?
2170,- - 요런 핑크색 티는 얼마예요?
2171,- - 할인 코너가 따로 있나요?
2172,- - 요런 옷은 가격이 얼마예요?
2173,"- - 이 옷, 현금으로 사면 좀 싸게 해주실 수 있나요?"
2174,- - 카드결제 가능한가요?
2175,- - 요 티는 얼마예요?
2176,- - 색상은 저 미색하고 외색만 있나요?
2177,- - 요런 옷은 얼마예요?
2178,- - 전부 다 할인된 가격이죠?
2179,- - 이 옷은 얼마예요?
2180,- - 이 조끼는 얼마예요?
2181,- - 조끼 색상은 하나뿐인가요?
2182,"- - 조끼, 다른 사이즈는 없나요?"
2183,- - 청바지는 얼마예요?
2184,- - 요 옷도 사만원이에요?
2185,- - 내일도 영업하세요?
2186,- - 요 아이보리 티는 얼마예요?
2187,- - 이 티는 다른 색상도 잇나요?
2188,"- - 이 티, 사이즈는 프리예요?"
2189,- - 현금으로 구입하면 좀 싸게 주시나요?
2190,- - 이 옷 재질은 뭔가요?
2191,- - 요런 티는 재질이 뭔가요?
2192,"- - 이 옷, 가격은 어떻게 되나요?"
2193,- - 이 옷은 현금가가 어떻게 되나요?
2194,- - 블라우스 종류는 있나요?
2195,- - 블라우스 이 두 종류밖에 없어예?
2196,- - 요 흰 블라우스는 얼마예요?
2197,- - 이 블라우스 소재는 어떻게 되나요?
2198,- - 이 블라우스 다른 사이즈도 있나요?
2199,- - 요 미색 바지는 얼마예요?
2200,- - 요 옷 소재는 뭐예요?
2201,- - 요 니트 많이 입으면 늘어나죠?
2202,- - 요 옷은 가격이 얼마예요?
2203,- - 세일 품목 따로 있나요?
2204,- - 이 옷 소재는 어떻게 되나요?
2205,- - 이 옷 다른 색상은 있나요?
2206,- - 이 옷 가격이 얼마라고요?
2207,- - 이 핑크색 조끼는 얼마예요?
2208,- - 조끼 색상은 요거 뿐이죠?
2209,- - 블라우스 종류는 이게 다예요?
2210,- - 블라우스 가격대는 얼마정도 하나요?
2211,- - 요런 핑크색 블라우스는 얼마예요?
2212,- - 이 블라우스 사이즈는 원사이즈예요?
2213,- - 이 블라우스 소재는 어떻게 되나요?
2214,- - 티셔츠 종류는 요 거뿐이에요?
2215,- - 이 티셔츠는 얼마예요?
2216,- - 그 가격이 카드결제 가격인가요?
2217,- - 티셔츠 색상은 하나뿐인가요?
2218,"- - 이 티셔츠, 다른 사이즈는 없나요?"
2219,- - 이 티셔츠 카드결제로는 얼마예요?
2220,- - 이 바지는 얼마예요?
2221,- - 이 바지 소재는 면인가요?
2222,"- - 이 바지 사십, 이십팔 사이즈 있나요?"
2223,- - 이 제품 가격도 현금가격인가요?
2224,- - 이 옷 좀 저한테 크려나?
2225,"- - 고객님, 사이즈는 어떻게 되세요?"
2226,- - 이 옷 색상은 하나뿐인가요?
2227,- - 이 옷같은 스타일로 다른 옷은 없나요?
2228,- - 이 청바지도 이만 원이에요?
2229,- - 이 옷도 스판인가요?
2230,- - 이 옷 사이즈는 엠인가요?
2231,- - 이 핑크색 티셔츠는 얼마예요?
2232,- - 이런 초록색 같은 티 얼마예요?
2233,- - 이 티는 원사이즈에요?
2234,"- - 아이보리색 티도 예쁜데, 얼마예요?"
2235,"- - 잠바 예쁘네, 이런 옷은 얼마예요?"
2236,- - 그 가격이 현찰가예요?
2237,- - 이 옷 소재는 뭐예요?
2238,- - 자주색 티셔츠는 얼마나 해요?
2239,- - 이 옷 무슨 소재인가요?
2240,- - 혼방이 폴리에스테르인가요?
2241,- - 이런 옷은 가격이 얼마나 해요?
2242,- - 바지 종류는 이게 전부 다예요?
2243,- - 이런 가방은 얼마나 해요?
2244,- - 이 티들 가격은 전부 똑같나요?
2245,"- - 이 티, 가격은 현금가로 어떻게 되나요?"
2246,- - 프릴은 저 밖에 하나밖에 없어요?
2247,- - 이 티는 원사이즈에요?
2248,- - 이 티는 색상이 하나뿐인가요?
2249,- - 구입하고 교환이 되지 않나요?
2250,- - 얇은 티셔츠는 어느 쪽에 있나요?
2251,"- - 봄, 가을용 티셔츠 찾으세요?"
2252,- - 이 보라색 티는 얼마예요?
2253,- - 이 티는 재질이 뭔가요?
2254,- - 이 티는 두 가지 색상만 있나요?
2255,- - 이 옷은 원사이즈인가요?
2256,- - 이 옷 색상은 한 가지뿐인가요?
2257,- - 이 옷 다른 색상은 있나요?
2258,- - 이 옷은 조금 얇네요?
2259,- - 딱 붙는 쫄바지는 없죠?
2260,- - 이 옷은 얼마예요?
2261,"- - 이 옷, 저한테 사이즈가 맞을까요?"
2262,- - 이 가방들 전부 다 핸드메이드인가요?
2263,- - 이 가방은 얼마예요?
2264,- - 이 제품이랑 비슷한 종류로는 없어요?
2265,- - 이 제품은 얼마예요?
2266,- - 이 제품으로 좀 작은 거 있나요?
2267,- - 이 제품은 언제 재입고 되나요?
2268,- - 가방 종류는 여기 있는 게 다다 그죠?
2269,- - 조 가죽 가방은 얼마나 해요?
2270,- - 그 가격이 현금가예요?
2271,- - 이 제품 검정색 없어요?
2272,- - 이 제품이 얼마라고 했죠?
2273,- - 저 제품은 현금가로 얼마인가요?
2274,- - 이 아이보리색 제품은 얼마예요?
2275,- - 이 제품 다른 색상은 없나요?
2276,- - 저 마스크 얼마예요?
2277,- - 이 제품 색상은 더 없어요?
2278,- - 이 제품은 어떤 색이 잘 나가요?
2279,- - 무슨 색깔 좋아하세요?
2280,"- - 이런 핑크색 티 이쁘네요, 얼마예요?"
2281,"- - 이 티, 다른 디자인은 있나요?"
2282,- - 내의 있나요?
2283,- - 내의는 어딨어요?
2284,"- - 이런 쫄바지도 있네요, 얼마예요?"
2285,- - 검정색 티 얼마에요?
2286,- - 이 티는 원사이즈인가요?
2287,- - 이 세트제품에서 티셔츠만 구입할 수 있나요?
2288,- - 세일상품 없어요 사장님?
2289,- - 이 티셔츠는 얼마예요?
2290,- - 가벼운 옷 있나요?
2291,- - 어떤 제품으로 찾으시나요?
2292,- - 여기 스팽글 달려 있는 옷 있어요?
2293,- - 핑크색 제품으로 드릴까요?
2294,- - 조 옷은 안에 기모가 있나요?
2295,- - 이 제품 길이는 어떻게 되나요?
2296,- - 요 장식 있는 옷이 더 비싸죠?
2297,- - 이 옷 가격이 얼마정도?
2298,- - 저 옷 디자인은 한 가지만 있네요. 분홍색 없어요?
2299,- - 이 옷 사이즈는 프리사이즈죠?
2300,- - 이 옷 피지는 않죠?
2301,"- - 이 옷, 현금으로 결제하면 할인해주시나요?"
2302,- - 몇시까지 영업하나요?
2303,- - 학생들 입을 수 있는 트레이닝복 바지 있어요?
2304,- - 이 옷은 여자용인가요?
2305,- - 이 옷은 요가 할 때 입는 거 아닌가요?
2306,- - 이 옷은 사이즈가 어떻게 나와요?
2307,- - 겨울용 옷은 그럼 지금 들어가기 때문에 세일 없겠네요?
2308,- - 이 바지는 얼마예요?
2309,- - 이런 세트상품은 바지만 따로 살 수 있어요?
2310,- - 이 제품 천은 면인가요?
2311,- - 이 제품과 똑같은 바지는 없나요?
2312,- - 이 옷 봄옷인가요?
2313,"- - 이 옷, 면티 겹쳐 입어도 되나요?"
2314,- - 이 옷은 앞뒤가 없네요?
2315,- - 아줌마가 이런 옷 입어도 될까요?
2316,- - 이 옷 세탁이 막 돌려도 돼요?
2317,"- - 이 옷, 다림질 해야 하나요?"
2318,"- - 이 옷, 저한테 사이즈가 맞을까요?"
2319,- - 벌써 봄옷이 나와요?
2320,- - 이 옷은 얼마예요?
2321,- - 이 옷 현금가랑 카드가랑 다른가요?
2322,- - 이 옷은 고등학생이 입어도 될까요?
2323,- - 봄옷 좀 계속 나오겠다 그죠?
2324,- - 요 회색 옷은 사이즈가 어때예?
2325,- - 이 검은색 옷도 프리사이즈인가요?
2326,- - 이 두 옷 같은 제품인가요?
2327,- - 이 회색 옷 가격은 어떻게 해예?
2328,- - 여기 저녁에는 몇시에 문닫아예?
2329,- - 오전에는 일찍 문 여시고?
2330,- - 어르신들이 입는 옷은 없어예?
2331,- - 이 옷은 너무 얇지 않나요?
2332,- - 요 제품 충전재가 오리털인가요?
2333,- - 구입 후 환불은 되지 않죠?
2334,- - 이 옷 맨 브랜드인가요?
2335,- - 이 아이보리색 옷은 사이즈가 어뜨케돼예?
2336,- - 여기 몇시에 문 닫아예?
2337,- - 연두색도 아이고 니트 이거는 뭐라해야되노 녹색이예요?
2338,- - 이 제품 곤색이 있나요?
2339,- - 고객님 사이즈가 어떻게 되세요?
2340,- - 이 제품 가격은 얼마예요?
2341,- - 오늘은 몇시까지 해예?
2342,- - 밖에 저 걸_는 옷은 얼마예요?
2343,- - 혹시 여자 코트는 어디 있어요?
2344,"- - 엄마 사줄 빅사이즈, 아주 뚱뚱한 사람 옷 있어요?"
2345,- - 어머니 바지 얼마 입으세요?
2346,- - 이 옷보다 약간 얇은 건 없어요?
2347,- - 요런 옷은 큰 사람들 옷이에요?
2348,- - 요 옷은 얼마예요?
2349,- - 이 옷 사이즈가 _이고 얼마예요?
2350,- - 보통 붉은 색보다 저런 색상이 점잖아보이네요?
2351,- - 뚱뚱한 사람이라 목이 짧아서 모자 달린 걸 싫어하시던데?
2352,- - 다 구십프로 해서 팔만 원인 거예요?
2353,- - 백일 된 아이 옷을 찾는데요
2354,- - 이 제품 여자애 옷인가요?
2355,- - 요 턱받이 돼 있는 제품은 얼마예요?
2356,- - 턱받이하고 이 옷하고 세트죠?
2357,- - 이 제품보다 더 예쁜 제품이 있나요?
2358,- - 요 제품은 얼마예요?
2359,- - 보통 백일 딸내미 선물로 뭘 많이 사나요?
2360,- - 이런 제품은 애들이 금방 크니 금세 작아지겠죠?
2361,"- - 옛날에 우주복도 나오고 그랬는데, 지금도 있나요?"
2362,- - 이런 제품 말씀이세요?
2363,- - 요 제품은 얼마예요?
2364,- - 이 제품은 할인율이 얼마예요?
2365,- - 약간 긴 가디건 있나 해서 왔는데
2366,- - 색깔 찐한 건 이 제품이네요?
2367,- - 아이보리 제품은 어디있어요?
2368,- - 아이보리 제품은 얼마예요?
2369,- - 이 검은색 제품은 얼마예요?
2370,- - 이 제품은 조금 얇네요?
2371,- - 이 제품은 얼마예요?
2372,- - 이 제품은 천이 좀 얇네요?
2373,- - 봄 제품이 벌써 나오나요?
2374,- - 이 짧은 옷은 얼마예요?
2375,- - 이 옷은 다른 옷과 천이 다른가요?
2376,- - 이런 제품은 드라이하면 후줄근 해지지 않아요?
2377,- - 앞에 요 하늘색 니트 사이즈가 저힌테 클까요?
2378,- - 이 제품 육육이 제일 큰 사이즌가요?
2379,- - 이 제품 좀 큰 사이즈는 없어요?
2380,- - 그럼 요 제품도 사이즈가 작나요?
2381,- - 요 여름제품은 세일하나요?
2382,- - 요 제품은 얼마예요?
2383,- - 요 제품은 울세탁 해도 되나요?
2384,- - 요 제품 울세탁하면 안늘어날까요?
2385,- - 이 제품은 손세탁해야 하나요?
2386,- - 이 제품은 사이즈가 큰데 저 제품만 사이즈가 작네요?
2387,- - 나중에 요 제품 큰 사이즈 재입고 되나요?
2388,- - 지금 세일행사 하나요?
2389,- - 전 품목 다 세일하나요?
2390,- - 앞에 걸어놓은 저 잠바는 얼마예요?
2391,- - 이 제품은 조끼로도 나오네요?
2392,- - 조끼는 얼마예요?
2393,- - 저 앞 잠바는 얼마예요?
2394,- - 요 제품은 얼마예요?
2395,- - 날씨가 따뜻해지니까 이런 제품도 괜찮겠네요?
2396,- - 전부 현금가인가요?
2397,- - 요 제품은 얼마예요?
2398,- - 저 곤색 옷은 얼마예요?
2399,- - 조끼는 없어요?
2400,- - 통조끼 찾으세요?
2401,"- - 이 옷, 얇은 거 같은데요?"
2402,"- - 회색 말고, 아까 진한 회색옷은 얼마예요?"
2403,- - 지금 세일행사 하나요?
2404,- - 이 옷보다 짙은 색 옷은 없죠?
2405,- - 주문하면 며칠만에 옷이 오나요?
2406,- - 저 진한 옷 짧은 자켓용으로 있어요?
2407,- - 이 제품은 좀 두껍네요?
2408,- - 이 제품은 따뜻한가요?
2409,- - 이런 옷은 날씬한 사람이 입어야 하지 않나요?
2410,- - 바깥에 기모 바지는 얼마씩 해요?
2411,- - 어떤 옷이 사이즈 남았나요?
2412,- - 어떤 옷을 요즘 많이 입나요?
2413,- - 그 제품 사이즈가 어떻게 되나요?
2414,- - 어떤게 많이 나가는 바지에요?
2415,- - 이런 청바지는 얼마인가요?
2416,- - 이 청바지는 왜 이리 비싸요?
2417,- - 저 청바지는 왜 이리 싸요?
2418,"- - 바지, 넓은 게 나아요 좁은 게 나아요?"
2419,- - 이 제품은 얼마예요?
2420,- - 조 미색 조끼는 얼마예요?
2421,- - 뚱뚱한 사람들은 이런 치마가 어울릴까요?
2422,- - 저 옷은 얼마예요?
2423,- - 지금 세일행사 하나요?
2424,- - 이 티는 삼만 원이라는 거죠?
2425,- - 바지는 어딨나요?
2426,- - 이런 정장은 얼마씩 해요?
2427,- - 연두색 요 니트는 얼마예요?
2428,- - 이런 옷은 집에서 빠니까 망가지던데요?
2429,- - 이런 바지는 얼마씩 해요?
2430,- - 사이즈 얼마 입으세요?
2431,- - 이 청바지는 얼마예요?
2432,- - 검은 바지에도 기모가 없나요?
2433,- - 기모 없어도 좀 두꺼운 바지는 없죠?
2434,- - 청바지 종류도 여기 있는 제품이 다죠?
2435,- - 검은색 청바지도 삼만원인가요?
2436,- - 사이즈가 _이에요?
2437,"- - 사이즈 이십 칠, 이십 팔은 잘 없죠?"
2438,- - 이 제품은 사이즈가 어떻게 되나요?
2439,- - 이 제품은 좀 두껍네요?
2440,- - 이 옷은 물세탁 해도 되나요?
2441,- - 저 옷은 얼마예요?
2442,- - 이 제품과 저 제품은 뭐가 달라요?
2443,- - 회색 이 제품은 얼마예요?
2444,- - 저쪽 까만 코트는 다른 사이즈가 있나요?
2445,- - 이 제품은 얼마예요?
2446,"- - 이 옷, 현금가로도 십 오만 원이에요?"
2447,- - 아주 큰 빅사이즈 제품 있나요?
2448,"- - 저 위에 옷은, 우리 친정엄마한테 사이즈 맞을 것 같은데요?"
2449,- - 저런 옷은 얼마예요?
2450,- - 저 니트는 얼마예요?
2451,- - 여기 차는 어디 대요?
2452,- - 애아빠 잠자를 한 번 보려고 하는데
2453,"- - 잠바, 어떤 종류를 찾으세요?"
2454,- - 두꺼운 잠바로 하셔야 돼요?
2455,- - 이 잠바는 얼마예요?
2456,- - 이 잠바 검은색으로는 있어요?
2457,- - 이 잠바는 기네요?
2458,- - 이 옷은 저 옷이랑 같은 색이네요?
2459,- - 이 옷은 조금 얇네요?
2460,- - 이 제품은 얼마나 세일 된 거예요?
2461,- - 이 옷은 얼마예요?
2462,"- - 이 옷, 블랙은 없어요?"
2463,- - 이 잠바 충전재가 오리털인가요?
2464,- - 이 옷이 얼마라 하셨죠?
2465,- - 등산바지는 어떤 게 잘 나가요?
2466,- - 이 옷은 얼마예요?
2467,- - 좀 저렴한 옷은 없어요?
2468,- - 그 제품은 얼마예요?
2469,- - 이 제품은 속에 기모 되어있나요?
2470,- - 비싼 제품이랑 이 제품이랑 무슨 차이에요?
2471,- - 저 제품이 더 따뜻하겠네요?
2472,- - 이 둘 디자인은 비슷하네요?
2473,- - 여기는 봄옷인가요?
2474,- - 남자바지는 이쪽이 다예요?
2475,- - 이 비싼 바지는 세일 하나요?
2476,- - 저녁에 여기 몇시까지 열어놔요?
2477,- - 여기 차는 어디다 세워야 되죠?
2478,- - 등산복도 드라이 해야 하나요?
2479,- - 이 옷은 _ 프로 세일 된 거예요?
2480,- - 이 옷은 얼마쯤 해요?
2481,- - 청바지도 세일해요?
2482,- - 요 미색 옷은 더 뚱뚱하게 보이지 않을까요?
2483,- - 검은색 옷은 얼마예요?
2484,- - 세일품목은 뭔가요?
2485,- - 어떤 색상이 잘나가요?
2486,- - 회색 옷은 얼마예요?
2487,- - 이 옷은 제가 몇 사이즈 입어야 할까요?
2488,- - 이 제품은 삼만원인가요?
2489,- - 여기엔 일본 구제만 있나요?
2490,- - 어떤 옷이 잘 나가요?
2491,- - 이 제품은 얼마예요?
2492,- - 이 제품은 왜이리 싸요?
2493,- - 일본 구제는 일본에서 직접 떼오시는 건가요?
2494,- - 이 옷들 전부 오천원인가요?
2495,- - 이런 조끼 말고 모직 조끼는 없죠?
2496,- - 이 옷 예쁜데 큰 사이즈 없나요?
2497,- - 다른 제품들은 언제 들어와요?
2498,- - 저런 조끼는 얼마예요?
2499,- - 이 옷이랑 저 옷이랑 디자인은 똑같나요?
2500,- - 이 옷이 더 기장이 긴가요?
2501,- - 패딩 조끼 말고 모직 조끼는 없죠?
2502,- - 요 앞에 코트 얼마예요?
2503,- - 이 삼십만 원짜리 코트는 소재가 어떻게 되나요?
2504,- - 좀 저렴한건 없어요?
2505,- - 요 옷은 얼마예요?
2506,- - 이 황토색 옷도 캐시미어인가요?
2507,- - 이 제품 현금결제 하면 좀 싸게 안되나요?
2508,- - 그 제품은 캐시미어 백프로인가요?
2509,- - 이 제품은 코트죠?
2510,- - 이 제품은 세일 해요?
2511,- - 요 제품도 여성용인가요?
2512,- - 이 제품도 세일하나요?
2513,- - 이 제품은 회색하고 베이지색 중에 어떤 게 잘 나가요?
2514,- - 전부 육십프로 세일하는 거죠?
2515,- - 요 제품은 세일 하나요?
2516,- - 요 제품은 얼마예요?
2517,- - 요기 차를 어디 세워야 하나요?
2518,- - 돌 된 남자애 선물할 게 있나요?
2519,- - 이 줄무늬 제품 얼마예요?
2520,- - 요 제품 돌 된 애용은 아니죠?
2521,- - 요 제품은 이만 구천 원인가요?
2522,- - 요 줄문의 제품은 얼마예요?
2523,- - 이 제품 현금할인 되나요?
2524,- - 이 옷은 남자애용이 맞아요?
2525,- - 이 옷은 요즘 입을 수 있나요?
2526,- - 곤색 옷이랑 이 제품이랑 다르죠?
2527,- - 요 남성용 카키색 옷은 얼마예요?
2528,- - 요 옷은 남성용인가요?
2529,- - 곤색 옷은 얼마예요?
2530,- - 전부 다 오십프로 세일하는 거죠?
2531,- - 고어텍스가 뭐예요?
2532,- - 젊은 사람들 입는 건 어떤게 잘 나가요?
2533,- - 어떤 스타일로 찾으세요?
2534,- - 이 제품은 고어텍스인가요?
2535,- - 이 제품 색상은 하나뿐인가요?
2536,- - 주차는 요 앞에 하면 돼요?
2537,- - 이 제품보다 약간 짧은 옷은 없나요?
2538,- - 너무 비싼 옷 말고 조금 저렴한 제품 없어요?
2539,- - 한 벌이 아니라 요 단품만 세일인 거죠?
2540,- - 이 옷들은 할인율이 얼마나 되나요?
2541,- - 요 보라색 옷은 얼마예요?
2542,- - 저 조끼는 얼마예요?
2543,- - 요 옷도 오십프로 세일해요?
2544,- - 블라우스 종류로 이 제품보다 더 저렴한 건 없나요?
2545,- - 요런 회색옷은 얼마예요?
2546,- - 봄 신상옷이 벌써 나왔어요?
2547,- - 어떤 옷들이 봄 신상인가요?
2548,- - 이 줄무의 옷은 얼마예요?
2549,- - 이 옷 가격은 세일된 가격인가요?
2550,- - 요 제품도 오십프로 할인 된 건가요?
2551,- - 뚱뚱한 사람 입기엔 요 옷이 더 나아요 이 옷이 더 나아요?
2552,- - 이 근처에는 주차할 곳이 없나요?
2553,- - 골목에 주차해도 되나요?
2554,- - 겨울 옷은 할인율이 높나요?
2555,- - 요 제품도 오십프로 할인 된 건가요?
2556,- - 이 조끼는 마이까지 세트죠?
2557,- - 마이만은 얼마예요?
2558,- - 빅사이즈 옷 있어요?
2559,"- - 빅사이즈, 어느분이 입으실 거예요?"
2560,- - 시어머니 사이즈가 99 되세요?
2561,- - 외투로 추천해드릴까요?
2562,- - 이 까만옷 사이즈가 뭐예요?
2563,- - 이 가격이 현금가인가요?
2564,- - 좀 저렴한 옷 있어요?
2565,- - 이 옷은 얼마예요?
2566,- - 요 파란색 티는 얼마예요?
2567,"- - 이 까만색 옷이 참 예쁜데, 두꺼워 보이네요"
2568,- - 이 옷은 가볍고 따뜻한가요?
2569,- - 요런 조끼는 얼마씩 해요?
2570,- - 이 까만 옷이 많이 나가나요?
2571,- - 이 옷 얼마죠?
2572,- - 베이지색 옷은 얼마예요?
2573,- - 까만색 옷이 많이 나가죠?
2574,"- - 물건 사서 주차권 받으면, 몇시간짜리 주차권 주시나요?"
2575,- - 요 니트 가디건은 얼마예요?
2576,- - 이 옷은 세탁소 맡겨야 하나요?
2577,- - 혹시 빅사이즈 있어요?
2578,- - 이 옷 사이즈가 뭐예요?
2579,- - 큰 사이즈 필요하세요?
2580,- - 어디에 패딩이 있어요?
2581,- - 이 옷은 일제예요?
2582,- - 이 옷은 티 같은데요?
2583,- - 큰 사이즈 옷이 별로 없네요
2584,- - 요 카키색 코트는 얼마예요?
2585,- - 현금으로 사야하죠?
2586,- - 요 조끼 얼마예요?
2587,- - 저 원피스는 얼마예요?
2588,- - 빅사이즈 옷 있어요?
2589,- - 바지 찾으세요?
2590,- - 요런 마이도 큰 사이즈 없나요?
2591,- - 저 옷은 사이즈 맞겠죠?
2592,- - 누가 입으실 거죠?
2593,"- - 시어머니, 연세가 어떻게 되세요?"
2594,- - 요 밤색옷은 얼마예요?
2595,- - 검은색 옷은 얼마예요?
2596,- - 시어머니께 이 조끼 사이즈가 맞을까요?
2597,- - 이 회색조끼는 얼마예요?
2598,- - 이 옷 충전재가 오리털인가요?
2599,- - 이 옷 검은색인가요?
2600,- - 이 옷 가볍게 보이네요. 얼마예요?
2601,- - 돌 된 여자앤데 뭐 선물할 게 있나요?
2602,- - 아이가 돌 다 됐나요?
2603,- - 한 벌로 된 옷은 없나요?
2604,- - 이렇게 한벌이에요?
2605,"- - 허리는 38, 빅사이즈 제품 있나요?"
2606,- - 이 동네에는 빅사이즈 전문점이 없어요?
2607,- - 빅사이즈 옷 있어요?
2608,"- - 빅사이즈 옷, 여성용 아니면 남성용이요?"
2609,- - 사이즈가 어떻게 되세요?
2610,- - 그 사이즈는 남성용밖에 없는데 괜찮으신가요?
2611,- - 여자 옷으로는 큰 사이즈가 없죠?
2612,- - 요 와인색 옷은 얼마예요?
2613,- - 그 가격은 세일 된 가격인가요?
2614,- - 여자 옷으로는 이쁘고 큰 사이즈가 없죠?
2615,- - 이 까맣고 긴 옷은 얼마예요?
2616,- - 요 옷은 세일 된 가격이죠?
2617,- - 요 옷은 할인율이 어떻게 돼요?
2618,- - 이런 옷은 큰사이즈가 없죠?
2619,- - 이 제품은 봄 옷인가요?
2620,- - 조끼는 얼마예요?
2621,- - 시어머니 입으실 빅사이즈 없나요?
2622,- - 105가 가장 큰 사이즈인가요?
2623,- - 105 중에서도 큰 사이즈가 있나요?
2624,"- - 네, 쥐색보다 저렴한 제품은 없어요?"
2625,- - 패딩 조끼 있어요?
2626,- - 이 조끼는 얼마인가요?
2627,- - 조끼는 어딨어요?
2628,- - 요즘 잘나가는 건 어떤 거예요?
2629,- - 요 제품은 얼마예요?
2630,- - 옷 앞 부분이 단추로 되어 있네요?
2631,- - 아까 옷보다 이 긴 옷이 더 사이즈가 클까요?
2632,- - 요 코트 얼마예요?
2633,- - 저 옷도 얇아요?
2634,- - 이 긴 회색 조끼도 세일해요?
2635,- - 조끼 얼마예요?
2636,- - 빅사이즈 옷 있어요?
2637,- - 이 까만색 옷은 얼마예요?
2638,- - 빨간색 옷은 얼마예요?
2639,- - 요즘 이런 옷 많이 입나요?
2640,- - 조끼 큰 사이즈는 없네요?
2641,- - 이 옷은 100사이즈에요?
2642,"- - 이 옷, 여자 옷은 맞죠?"
2643,- - 고런 보라색 잠바는 얼마씩 해요?
2644,- - 이 옷 사이즈가 저한테 작을까요?
2645,- - 사이즈 얼마 입으세요?
2646,- - 이 옷 사이즈가 저한테 작을까요?
2647,- - 이 옷은 어떠세요?
2648,- - 이 옷 얼마예요?
2649,- - 이 옷도 저한테 작을까요?
2650,- - 이 옷은 얼마예요?
2651,"- - 이 가죽옷 세탁하니까 금방 낡아버리는데, 어떻게 해요?"
2652,- - 집에서 세탁하셨나요?
2653,- - 코트 재고는 이제 얼마 없죠?
2654,- - 네이비 코트는 잘나가요?
2655,- - 요런 옷으로 큰 사이즈 있나요?
2656,- - 니트는 살쪄보이나요?
2657,- - 빅사이즈 옷 있어요?
2658,- - 이 옷은 얼마예요?
2659,- - 이 카키색 잘 나가나요?
2660,- - 좀 저렴한 옷 없어요?
2661,- - 조끼는 얼마예요?
2662,- - 이 옷 큰사이즈 있어요?
2663,- - 이 옷 99넘는 사이즈 있나요?
2664,- - 큰 사이즈 바지 있어요?
2665,- - 요 앞에 주차 해도 돼요?
2666,- - 이 옷은 얼마예요?
2667,"- - 이 바지, 아주 큰 사이즈로도 있어요?"
2668,- - 99사이즈 보다 더 큰 사이즈 바지는 없어요?
2669,- - 이 바지 110은 없어요?
2670,- - 이 옷은 여성용이에요?
2671,- - 이 색깔 옷은 큰 사이즈 없죠?
2672,- - 이 바지 큰 사이즈 없죠?
2673,- - 이쁜 바지는 110짜리가 없네요?
2674,- - 저 조끼는 얼마예요?
2675,- - 좀 이쁜 옷은 큰 사이즈가 없네요?
2676,- - 사이즈 99 이상 짜리 옷 찾으세요?
2677,- - 좀 큰 사이즈 맞춤도 되나요?
2678,- - 좀 얇은 자켓은 어디 있어요?
2679,- - 얇은 자켓은 언제 나와요?
2680,- - 이 옷은 왜이리 소매가 짧아요?
2681,- - 맞춤제작 옷도 이 옷과 가격이 같나요?
2682,- - 요 조끼는 얼마죠?
2683,- - 이 옷은 쥐색이네요?
2684,- - 연한 회색이 잘나가요 이 색상이 잘나가요?
2685,- - 요 옷은 얼마예요?
2686,"- - 선물용 옷이면, 본인을 데려와서 입혀보는 게 제일 낫겠네요?"
2687,- - 체형이 얼마 정도 되는데요?
2688,- - 봄 옷은 20일 뒤에 나올까요?
2689,- - 큰 사이즈 옷 있어요?
2690,- - 허리 사이즈가 어떻게 되세요?
2691,- - 이 옷은 얼마예요?
2692,- - 이 옷은 사이즈가 맞을까요?
2693,"- - 이 옷, 신축성이 좀 있나요?"
2694,- - 요 옷은 얼마예요?
2695,- - 줄무늬 분홍색하고 아까 주황색하고 뭐가 더 잘나가요?
2696,- - 여기 있는 옷들도 다 큰 치수죠?
2697,- - 연세가 많으신 분이면 칼라 없는 게 낫지 않나요?
2698,- - 이 바지는 큰 치수가 나와요?
2699,- - 이 바지 큰 치수 몇 까지 나와요?
2700,- - 예쁜데 큰 사이즈 옷은 없네요?
2701,- - 여기 있는 옷들은 사이즈가 다 작네요?
2702,- - 이 옷은 되게 커 보이는데?
2703,- - 이 이만 원짜리 옷은 얇네요?
2704,- - 요런 잠바는 얼마예요?
2705,- - 조 옷은 얼마예요?
2706,- - 요 옷은 얇죠?
2707,- - 이 옷 얼마예요?
2708,- - 이 옷 털 빼고 살 순 없죠?
2709,- - 요 회색 자켓은 얼마예요?
2710,- - 세일하는 건 요쪽 편이예요?
2711,- - 팬티 종류 어딨어요?
2712,- - 사이즈는 어떤 거 찾으세요?
2713,- - 허리는 28이면 될까요?
2714,- - 깔끔한 스타일로 드릴까요?
2715,- - 요 세트 옷은 얼마예요?
2716,- - 요 옷은 얼마예요?
2717,"- - 이 옷 예쁘네요, 옷감이 어떻게 돼요?"
2718,- - 남성 메리야스 찾아요
2719,- - 어떤 색상 찾으세요?
2720,- - 메리야스도 계절별로 있나요?
2721,- - 지금 제품은 겨울용이에요?
2722,- - 요 제품도 사계절인가요?
2723,- - 이 제품은 좀 얇아 보이네요?
2724,- - 이 옷은 가격이 얼마예요?
2725,- - 이 가격이 한 박스 가격인가요?
2726,- - 색상이 어둡네요?
2727,- - 밝은 색은 나오지 않나요?
2728,- - 다른 제품도 다 어둡나요?
2729,- - 이 제품은 칼라네요?
2730,- - 구입 후 사이즈 교환은 가능한가요?
2731,- - 팬티 낱개로 판매는 안하시나요?
2732,- - 이 팬티는 여름용 같은데?
2733,- - 일반용 팬티는 없어요?
2734,- - 이 제품은 얼마예요?
2735,- - 이 제품 따뜻해요?
2736,- - 이 옷은 어르신들 입어도 괜찮을까요?
2737,- - 이 옷이 얼마였죠?
2738,- - 이 제품 할인해 줄 순 없나요?
2739,- - 현금할인가가 어떻게 돼요?
2740,- - 이 옷 큰 사이즈도 있어요?
2741,- - 사이즈가 어떻게 되세요?
2742,- - 사이즈가 88이상이세요?
2743,- - 이 옷은 항아리식인가요?
2744,- - 물건 사면 주차장은 몇시간 무료예요?
2745,- - 이게 전부 천연역색 제품인가요?
2746,- - 이 옷들 사이즈가 다 어때요?
2747,- - 이 옷 뚱뚱한 사람들이 입을 수 있나요?
2748,- - 요 옷은 얼마예요?
2749,- - 천연염색은 감물말고 뭘로 염색해요?
2750,- - 양파로 염색하면 냄새나는 거 아니에요?
2751,- - 이 옷 한번 입어봐도 돼요?
2752,"- - 옷 한 번 입어보게, 사이즈 맞춰 주세요"
2753,- - 사이즈 77이신가요?
2754,- - 어떤 종류 옷으로 드릴까요?
2755,- - 이 옷은 88사이즈인가요?
2756,- - 이 66사이즈는 저한테 클 것 같은데요?
2757,- - 원래 옷 자체가 크게 나오나요?
2758,- - 이 옷은 아까 옷보다 더 비싸죠?
2759,- - 이 옷 날씬해 보이네요?
2760,- - 이 옷은 얇아보이는데 따뜻해요?
2761,- - 여긴 언제까지 세일해요?
2762,- - 설 쇠면 세일 끝나요?
2763,- - 이 바지는 정장바지 아니죠?
2764,- - 이 정장바지들은 다 기모 들었네요?
2765,- - 이 제품 허리 30으로 입어 볼 수 있나요?
2766,- - 피팅룸이 여기에요?
2767,- - 이 옷은 천이 뻣뻣하네요?
2768,- - 이 옷은 허리가 크네요?
2769,- - 이 옷은 얼마예요?
2770,- - 이 바지 세탁기에 막 돌려도 돼요?
2771,- - 요런 옷은 얼마예요?
2772,- - 요 옷은 충전재가 솜이에요?
2773,- - 솜옷은 세탁기로 막 돌려도 되나요?
2774,- - 이 제품 저한테 맞는 사이즈 있을까요?
2775,- - 이 옷은 전기가 많이 나네요?
2776,- - 이 제품은 사만 오천 원이에요?
2777,- - 제품이 싸네요?
2778,- - 이 옷 재질이 부드럽네요?
2779,- - 받쳐 입을 옷 있어요?
2780,- - 받쳐 입을 옷이면 두꺼운 종류로 어떠세요?
2781,- - 이 제품이랑 저 제품이랑 소재가 따뜻해요
2782,"- - 이 옷, 색상은 이 두가지뿐이예요?"
2783,- - 옷들 색상이 다양하네요?
2784,- - 파란 옷이 이 옷에 어울릴까요?
2785,- - 이 옷이 파란색이에요?
2786,- - 이 색보단 저 색이 낫지 않아요?
2787,- - 이 옷 가격은 어떻게 돼요?
2788,"- - 이 옷, 재질은 부드럽네요"
2789,- - 따뜻하긴 이 옷이 더 따뜻하겠네요
2790,- - 이 옷도 저 옷도 따뜻하네요?
2791,- - 이 옷은 할인 되나요?
2792,"- - 이 옷은 입었을 때, 손등까지 오네요?"
2793,- - 저 옷보단 이 옷이 더 잘 어울리겠어요?
2794,- - 이 옷은 다른 색상 있어요?
2795,- - 블랙은 양쪽 다 어울리긴 하네요?
2796,- - 이 옷은 드라이 해야해요?
2797,- - 이 옷은 드라이 해야해요?
2798,- - 이 옷은 세탁기 돌려도 돼요?
2799,- - 이 제품은 인기가 많나요?
2800,- - 이 옷은 조끼인가요?
2801,- - 이 조끼는 베이지 색상밖에 없어요?
2802,"- - 이 조끼, 다른 색상이 있긴 있었어요?"
2803,- - 이 옷은 얼마예요?
2804,- - 옷 입어봐도 돼요?
2805,- - 이 옷은 원단이 뭐예요?
2806,- - 좋은 제품이라도 가져 가면 니트는 피잖아요?
2807,- - 이 옷도 밍크예요?
2808,- - 이 옷은 얼마라예?
2809,- - 현금으로 하면 더 싸게 돼요?
2810,- - 생각보단 옷이 따뜻하진 않네요?
2811,- - 지금 이 옷 남아있는 사이즈가 별로 없나요?
2812,- - 패딩조끼 이 색깔밖에 없나요?
2813,- - 이 옷 가격이 얼마예요?
2814,- - 이 옷 한 번 입어볼 수 있어요?
2815,- - 이 옷은 허리라인이 왜 이래 위에 있노
2816,- - 겉옷은 뭐가 잘나가요?
2817,- - 이 옷은 받쳐입기 많이 힘들겠네요
2818,- - 이 옷 소재가 뭐예요?
2819,- - 이 옷은 가볍게 입을 수 있나요?
2820,- - 어떤 옷이 핸드메이드 제품인가요?
2821,- - 이 옷이랑 저 옷이랑 다르죠?
2822,- - 이런 옷이 인조퍼죠?
2823,- - 저런 옷은 얼마예요?
2824,- - 그 가격이 세일 된 가격이에요?
2825,- - 본래 이래 비싸요?
2826,- - 이 제품 살구색인가요?
2827,- - 요 제품이랑 한 세트인가요?
2828,- - 요 제품은 색깔이 뭐예요?
2829,- - 이 제품은 세트상품이에요?
2830,- - 세트상품은 따로 살 수 없어요?
2831,- - 이 세트는 얼만데요?
2832,- - 그 가격이 세일 된 가격이에요?
2833,- - 66사이즈면 저한테 맞을까요?
2834,- - 이 옷 그레이색깔은 어딨어요?
2835,- - 이 제품 충전재는 뭐예요?
2836,- - 이 제품 오십프로 할인 됐나요?
2837,- - 이 옷 말고 잘나가는 옷이 뭐예요?
2838,- - 이 옷이랑 저 옷이랑 다르죠?
2839,- - 이 옷 66사이즈는 없는 거예요?
2840,- - 요 옷은 색상이 하나뿐인가요?
2841,- - 이 옷도 구스다운인가요?
2842,- - 이 깃털은 소재가 뭐예요?
2843,- - 그 옷보다 아까 하얀 옷이 더 낫지 않을까요?
2844,- - 저 핑크색 패딩은 얼마예요?
2845,- - 다른색상 패딩은 없어요?
2846,- - 이 옷은 충전재가 뭐예요?
2847,- - 오리털 충전재는 사이로 빠지지 않나요?
2848,- - 이 패딩 저한테 맞는 사이즈는 있어요?
2849,- - 현금가랑 카드가랑 달라요?
2850,- - 요 옷은 색상이 하나뿐인가요?
2851,- - 이 옷은 남색이죠?
2852,- - 좀 젊어보이게 입으려면 어떤 색깔이 나아요?
2853,- - 이건 블랙도 아니고 챠콜?
2854,- - 이 옷이 더 나을까요?
2855,- - 고객님 연령대가 어떻게 되세요?
2856,- - 충전재가 거위털이네요
2857,- - 아니 구스가 오리털보다 보온성이 더 좋아요?
2858,- - 이 옷이 보온성이 좋아요?
2859,- - 이 옷은 따뜻한가요?
2860,- - 이 옷 가격이 구만 구천 원이에요?
2861,- - 이 옷 색상은 회색 하나인가요?
2862,- - 이 옷 소재는 뭐예요?
2863,- - 이 옷 사이즈는 어떻게 되나요?
2864,- - 이 옷은 원사이즈인가요?
2865,- - 그 옷 한 번 입어 볼 수 있어요?
2866,- - 이 옷은 사이즈가 어떻게 되나요?
2867,- - 요 옷은 얼마예요?
2868,- - 이 가격이 현금가인가요?
2869,- - 55 사이즈는 저한테 작을까요?
2870,- - 원래 사이즈가 뭐세요?
2871,- - 이 옷은 날씬하게 못 입을까요?
2872,- - 이 옷 얼마예요?
2873,- - 이 옷은 지금 입을 수 있을까요?
2874,- - 저 밖에 걸린 옷은 옷마다 가격 달라요?
2875,- - 요 진회색 제품이 뭐죠?
2876,- - 이 옷은 얼마예요?
2877,- - 이 소재가 울이에요?
2878,- - 이 옷이 얼마예요?
2879,- - 색깔은 요 하나뿐인가요?
2880,- - 이 옷 원사이즈예요?
2881,- - 저 밖에 세일 하는건 작년 옷이에요?
2882,- - 요 밑에 요 옷은 그냥 가짜 털이에요?
2883,- - 울도 털이 두 가지 종류네?
2884,- - 이 옷은 얼마예요?
2885,- - 현금가나 카드가나 다 똑같아요?
2886,- - 보통 현금 하면 더 싸게 해주는데?
2887,- - 여기 다 봄옷이예요?
2888,- - 겨울 옷 얼마나 있나요?
2889,- - 어떤 옷 찾으세요?
2890,- - 와이셔츠나 블라우스를 입어야 할 것 같은데
2891,- - 얇은 블라우스를 찾으세요?
2892,- - 세련된 이 제품은 어떠신가요?
2893,- - 바지가 근데 이렇게 다 짧게 나와요?
2894,- - 이런 옷은 얼마예요?
2895,- - 이런 신발은 얼마예요?
2896,- - 기장이 엉덩이를 덮었으면 좋겠어요
2897,"- - 이 옷, 봄옷이에요?"
2898,- - 이런 조끼는 얼마예요?
2899,- - 이 옷 사이즈가 99 사이즈인가요?
2900,- - 이런 옷은 얼마예요?
2901,- - 이런 티셔츠 종류는 더 없어요?
2902,- - 이제 겨울 옷을 다 나갔나요?
2903,- - 이 옷은 겨울용인가요 봄용인가요?
2904,- - 이 옷들은 다 봄 옷인가요?
2905,- - 원래 2월달까지는 겨울 아니예요?
2906,- - 이 옷은 얼마예요?
2907,- - 이 옷도 봄옷이에요?
2908,- - 요즘은 유행이 되게 단순하게 많이 나가죠?
2909,- - 이런 원피스에는 자켓이 엉덩이가 짧은데 좀 긴 거를 입고 싶으면 어떻게 해야돼요?
2910,- - 블라우스나 티셔츠 같은거는 얼마부터 있어요?
2911,- - 이런 스카프는 얼마예요?
2912,- - 이런 옷은 얼마예요?
2913,- - 지금 봄옷은 이르지 않나요?
2914,- - 요즘 유행하는 색깔이 뭐예요?
2915,- - 구제는 뭐예요?
2916,- - 구제 옷도 있네요?
2917,- - 구제품은 다 세탁해서 나온 거예요?
2918,- - 이건 다 세탁이 된 거죠?
2919,- - 구제품은 세탁해서 파시는 건가요?
2920,- - 구제품은 다 세탁해서 나오는 거겠죠?
2921,- - 카드로 결제하면 부가세 별도에요?
2922,- - 카드는 부가세 별도로 붙나요?
2923,- - 카드 결제하면 부가세 추가되나요?
2924,- - 카드로 하면 부가세 붙어요?
2925,- - 포인트 적립되는 거 뭐 있어요?
2926,- - 이거 적립되죠?
2927,- - 몸에 딱 붙는 옷인가요?
2928,- - 몸에 딱 붙는 티셔츠 있어요?
2929,- - 원피스 중에 몸에 딱 붙는 건 없어요?
2930,- - 할인 코너는 어디에요?
2931,- - 할인 코너는 어디에 있어요?
2932,- - 할인 코너는 따로 없어요?
2933,- - 할인 코너는 어느 쪽에 있나요?
2934,- - 영업은 매일 하시나요?
2935,- - 내일도 영업해요?
2936,- - 매일 영업하시는 건가요?
2937,- - 내일도 영업하시죠?
2938,- - 카드가로 얼마예요?
2939,- - 카드로 결제하면 얼만데요?
2940,- - 카드로 하면 얼마예요?
2941,- - 이 티셔츠는 엉덩이까지 내려오나요?
2942,- - 바지 길이가 좀 짧아 보이는데요?
2943,- - 이 원피스는 무릎까지 내려올까요?
2944,- - 요새 입을 만한 옷으로 뭐가 좋을까요?
2945,- - 원피스 중에 잘 나가는 걸로 몇 개 추천해주실래요?
2946,- - 이거 국산이에요?
2947,- - 중국에서 만든 거예요?
2948,- - 이거보다 저렴한 거로 보여주세요
2949,- - 5만 원 이하로는 없어요?
2950,- - 20만 원 정도 하는 건 없나요?
2951,- - 이거보다 한 사이즈 더 큰 걸로 주세요
2952,- - 여기 말고 근처에 다른 옷 가게 또 있어요?
2953,- - 근처에 신발 가게 있나요?
2954,- - 주변에 편의점 혹시 있나요?
2955,- - 이거는 왜 할인하는 거예요?
2956,- - 이월 상품이라 할인하는 건가요?
2957,- - 신상품인 거 같은데 왜 할인해요?
2958,- - 이거는 왜 싸게 파시는 거예요?
2959,- - 오픈한 지 얼마나 되셨어요?
2960,- - 오픈한 지 오래되셨나요?
2961,- - 영업은 몇 시부터 몇 시까지 하시나요?
2962,- - 이거는 어떻게 입는 건가요?
2963,- - 주름 있는 쪽이 앞인가요?
2964,- - 지퍼가 뒤쪽으로 가게 입는 거 맞죠?
2965,- - 티셔츠처럼 위쪽으로 입으면 되나요?
2966,- - 거울은 어디에 있어요?
2967,- - 거울에 좀 비춰보고 싶은데요
2968,- - 거울 좀 비춰 주세요
2969,- - 키가 좀 큰 사람들은 어떻게 입나요?
2970,- - 남학생들도 많이 입나요?
2971,- - 여자들이 좋아하나요?
2972,- - 남자들이 좋아하나요?
2973,- - 남자들이 많이 찾는 바지는 어떤거예요?
2974,- - 현금 결제만 되나요?
2975,- - 계좌 이체도 가능한가요?
2976,- - 아동복 매장 맞지요?
2977,- - 땀 흡수 잘 되고 시원한 옷 있나요?
2978,- - 손으로 직접 만드시는 거예요?
2979,- - 여기에다 직접 수 놓으신 거예요?
2980,- - 다 손으로 하신 거예요?
2981,- - 수입품이죠?
2982,- - 이게 수입 제품 인가 봐요?
2983,- - 수입품 맞아요?
2984,- - 수입품은 어디에 있어요?
2985,- - 이 바지도 수입품인가요?
2986,- - 이 원피스도 수입이에요?
2987,- - 수입품으로 보여주세요
2988,- - 얼마 못 입을 것 같은데요?
2989,- - 잘 관리하면 오래 입을 수 있나요?
2990,- - 유행이 지나면 못 입겠죠?
2991,- - 몇 년 동안 입을 수도 있나요?
2992,- - 저기 진열된 거 판매하시는 거예요?
2993,- - 밖에 진열돼있는 옷 보고 싶은데요
2994,- - 사이즈가 66 맞아요?
2995,- - 사이즈 55 맞나요?
2996,- - 사이즈 77 이네요?
2997,- - 사이즈 S 네요?
2998,- - 이월 상품으로 보여주세요
2999,- - 이월 상품으로 볼 수 있을까요?
3000,- - 어깨가 너무 좁아 보이지 않는 옷으로 보여주세요
3001,- - 다리가 날씬해 보이는 옷 좀 보여주실래요?
3002,- - 뚱뚱해 보이지 않는 옷 좀 보려고요
3003,- - 입고 온 옷은 싸주실 수 있나요?
3004,- - 입고 온 옷은 담아 주시겠어요?
3005,- - 이거 입고 갈게요 제 옷은 담아주세요
3006,- - 새 옷으로 입고 가게 제 옷은 넣어주세요
3007,- - 화장실은 어디에 있을까요?
3008,- - 화장실은 어느 쪽에 있어요?
3009,- - 화장실 밖에 있나요?
3010,- - 여기 화장실은 없나요?
3011,- - 환불할 때 영수증 있어야 하죠?
3012,- - 반품할 때 영수증 있어야 가능하죠?
3013,- - 영수증 있어야 교환이나 반품되죠?
3014,- - 티셔츠만 1+1이에요?
3015,- - 바지도 1+1 하는 거예요?
3016,- - 5만 원 이상 사면 사은품 주시는 거예요?
3017,- - 지금 무슨 행사하시는 거예요?
3018,- - 이거 포장도 가능한가요?
3019,- - 포장해주실 수 있나요?
3020,- - 포장도 해주시나요?
3021,- - 포장도 되나요?
3022,"- - 저기요, 잠시만요"
3023,- - 저 좀 도와주시겠어요?
3024,- - 혹시 여기 직원이신가요?
3025,- - 화장했는데 입어볼 수 있나요?
3026,- - 입어보고 싶은데 화장했으면 안되죠?
3027,- - 화장하면 입어볼 수 없죠?
3028,- - 화장했으면 못 입어보나요?
3029,- - 이거 말고 다른 사이즈로 입어볼게요
3030,- - 이거보다 한 사이즈 작은 걸로 입어볼게요
3031,- - 이거보다 한 사이즈 큰 걸로 입어볼게요
3032,- - 팔 기장만 조금 줄여주세요
3033,- - 마네킹이 입고 있는 옷은 어디 있나요?
3034,- - 마네킹이 입고 있는 옷을 보고 싶은데요
3035,- - 저쪽 마네킹에 전시된 옷 좀 볼 수 있을까요?
3036,- - 할부로 결제할게요
3037,- - 10개월 장기 할부도 되나요?
3038,- - 3개월 할부 될까요?
3039,- - 택배로 보내주세요
3040,- - 택배로 받아보고 싶은데요
3041,- - 택배로 보내주시겠어요?
3042,- - 원피스 종류는 어느 쪽에 있어요?
3043,- - 아동복은 어디로 가야 하죠?
3044,- - 자켓 보려면 어느 쪽으로 가야 하나요?
3045,- - 2층으로 가려면 어디로 가는지 안내 좀 해주시겠어요?
3046,- - 아동복 코너로 좀 데려다주시겠어요?
3047,- - 바지 코너로 안내 좀 해주세요
3048,- - 상품권 사용해도 될까요?
3049,- - 온누리 상품권 사용할 수 있어요?
3050,- - 온누리 상품권 드려도 되나요?
3051,- - 맞춤 제작도 가능한가요?
3052,- - 단체복도 맞출 수 있나요?
3053,- - 다른 매장에 S 사이즈 있는지 확인해주실 수 있나요?
3054,- - 다른 매장에 사이즈 있는지 좀 봐주시면 안 될까요?
3055,- - 이 디자인 남아있는 매장은 없나요?
3056,- - 이 제품 남아 있는 매장 있는지 확인 한 번 해주시겠어요?
3057,- - 이 스타일 마음에 드네요
3058,- - 이 스타일 좋은데요
3059,- - 이런 스타일로 한 번 보여주실래요?
3060,- - 이런 스타일 마음에 들어요
3061,- - 적립한 포인트 지금 사용할게요
3062,- - 오늘은 포인트 쓸게요
3063,- - 포인트로 결제할게요
3064,- - 만 점 있는 거 사용 가능하죠?
3065,- - 저 티셔츠 주문할 수 있나요?
3066,- - 이 바지로 주문 가능해요?
3067,- - 이 원피스 주문하고 싶은데요
3068,- - 저 재킷은 주문 안 되나요?
3069,- - 피팅룸에서 신발 벗어야 하죠?
3070,- - 피팅룸에 가방 가지고 들어가도 되나요?
3071,- - 피팅룸에 두 명이 같이 들어가도 돼요?
3072,- - 피팅룸에 몇 명까지 들어갈 수 있어요?
3073,- - 수선 맡기면 얼마나 걸려요?
3074,- - 몇 시까지 맡겨야 당일에 수선 가능해요?
3075,- - 수선은 몇 시부터 할 수 있어요?
3076,- - 지금 수선 맡길 수 있나요?
3077,- - 종이봉투는 얼마예요?
3078,- - 쇼핑백 있나요?
3079,- - 쇼핑백도 파시는 거예요?
3080,- - 쇼핑백은 따로 없나요?
3081,- - 여기 티셔츠 정리 좀 부탁드릴게요
3082,- - 죄송한데 여기 정리 좀 해주세요
3083,- - 옷을 이것저것 입어봤더니 너무 많아서 정리 좀 부탁드려도 될까요?
3084,- - 마음에 드는 게 없네요 이거 정리 좀 해주시겠어요?
3085,- - 여기에 단추가 떨어져 있어요
3086,- - 제품에 문제 있으면 어떻게 해주시나요?
3087,- - 옷에 문제 있으면 바꿔주시나요?
3088,- - 옷에 문제가 있으면 연락드려도 되나요?
3089,- - 옷에 문제 있는 걸 발견하면 어떻게 해주시나요?
3090,- - 치마 안감이 뜯어져 있어서 입을 수가 없었어요
3091,- - 재킷에 있는 털이 너무 많이 빠쪄서 못 입겠어요
3092,- - 스웨터 올이 풀려 있어서 입을 수가 없잖아요
3093,- - 흰색 티셔츠에 얼룩이 있는데 이런 걸 판매하시면 어떡해요?
3094,- - 이거 한정판이에요?
3095,- - 몇 개 한정으로 판매하시는 거예요?
3096,- - 이거 한정판으로 나온 거 맞죠?
3097,- - 한정판으로 나온 제품이 이거예요?
3098,- - 창고에서 가져오는 데 얼마나 걸려요?
3099,- - 창고에서 가져오는 데 오래 걸릴까요?
3100,- - 좀 기다리면 입어볼 수 있나요?
3101,- - 이거 가져오는데 오래 기다려야 하나요?
3102,- - 이 제품 온라인으로 살 수 있나요?
3103,- - 온라인으로도 살 수 있어요?
3104,- - 온라인으로 판매도 하시나요?
3105,- - 이거 온라인으로 사도되나요?
3106,- - 온라인하고 가격은 똑같나요?
3107,- - 온라인으로 사면 얼마인데요?
3108,- - 온라인에서는 얼마에 판매하는데요?
3109,- - 온라인 가격은 얼마예요?
3110,- - 이거 예약해도 되나요?
3111,- - 이 티셔츠 예약할 수 있어요?
3112,- - 이 제품 예약 주문 가능해요?
3113,- - 색깔이 맘에 안 들어서 반품하고 싶은데요
3114,- - 이거 그냥 환불하고 싶어요
3115,- - 아무리 봐도 소재가 별로인 거 같아서 환불 좀 해주세요
3116,- - 노란색이 더 맘에 들어서요 교환 좀 해주시겠어요?
3117,- - 여기에서 잠깐 걸쳐봐도 될까요?
3118,- - 옷 위에 한 번 입어봐도 되죠?
3119,- - 수선비는 얼마 정도 해요?
3120,- - 무료 수선은 안 되나요?
3121,- - 수선비 내야 돼요?
3122,- - 수선비 얼마에요?
3123,- - 수선 다 되면 연락 주시겠어요?
3124,- - 수선 다 끝나면 연락 주시는 거죠?
3125,- - 수선 끝나면 연락해주세요
3126,- - 수선 끝나면 연락 부탁드려요
3127,- - 신상품은 언제 들어와요?
3128,- - 신상 아직 안 들어왔어요?
3129,- - 신상은 언제쯤 나와요?
3130,- - 신제품 나오려면 멀었어요?
